"title","date","link"
"Compilation - SRG-STIG Library ","2023-11-07","https://dl.dod.cyber.mil/wp-content/uploads/stigs/zip/U_SRG-STIG_Library_2023_010v1.zip"
"VMware vSphere 8.0 STIG ","2023-11-03","https://dl.dod.cyber.mil/wp-content/uploads/stigs/zip/U_VMW_vSphere_8-0_Y23M10_STIG.zip"
"Red Hat Enterprise Linux 8 STIG - Ver 1, Rel 12 ","2023-11-02","https://dl.dod.cyber.mil/wp-content/uploads/stigs/zip/U_RHEL_8_V1R12_STIG.zip"
"Oracle Linux 8 STIG - Ver 1, Rel 8 ","2023-11-02","https://dl.dod.cyber.mil/wp-content/uploads/stigs/zip/U_Oracle_Linux_8_V1R8_STIG.zip"
"Group Policy Objects (GPOs) - October 2023 ","2023-11-02","https://dl.dod.cyber.mil/wp-content/uploads/stigs/zip/U_STIG_GPO_Package_October_2023.zip"
"Microsoft Windows 10 STIG - Ver 2, Rel 8 ","2023-11-02","https://dl.dod.cyber.mil/wp-content/uploads/stigs/zip/U_MS_Windows_10_V2R8_STIG.zip"
"Microsoft Windows Privileged Access Workstation (PAW) STIG - Ver 2, Rel 3 ","2023-10-30","https://dl.dod.cyber.mil/wp-content/uploads/stigs/zip/U_MS_Windows_PAW_V2R3_STIG.zip"
"Microsoft Windows Server 2016 STIG - Ver 2, Rel 7 ","2023-10-30","https://dl.dod.cyber.mil/wp-content/uploads/stigs/zip/U_MS_Windows_Server_2016_V2R7_STIG.zip"
"Sunset - Microsoft Windows 2012 and 2012 R2 MS STIG - Ver 3, Rel 7 ","2023-10-30","https://dl.dod.cyber.mil/wp-content/uploads/stigs/zip/U_MS_Windows_2012_and_2012_R2_MS_V3R7_STIG.zip"
"Sunset - Microsoft Windows Server 2012 and 2012 R2 DC STIG Benchmark - Ver 3, Rel 6 ","2023-10-30","https://dl.dod.cyber.mil/wp-content/uploads/stigs/zip/U_MS_Windows_2012_and_2012_R2_DC_V3R6_STIG_SCAP_1-2_Benchmark.zip"
"Microsoft Windows 11 STIG - Ver 1, Rel 5 ","2023-10-30","https://dl.dod.cyber.mil/wp-content/uploads/stigs/zip/U_MS_Windows_11_V1R5_STIG.zip"
"Microsoft Windows Server 2016 STIG Benchmark - Ver 2, Rel 5 ","2023-10-30","https://dl.dod.cyber.mil/wp-content/uploads/stigs/zip/U_MS_Windows_Server_2016_V2R5_STIG_SCAP_1-2_Benchmark.zip"
"Microsoft Windows Server 2019 STIG - Ver 2, Rel 8 ","2023-10-30","https://dl.dod.cyber.mil/wp-content/uploads/stigs/zip/U_MS_Windows_Server_2019_V2R8_STIG.zip"
"Microsoft Windows Server 2019 STIG Benchmark - Ver 2, Rel 5 ","2023-10-30","https://dl.dod.cyber.mil/wp-content/uploads/stigs/zip/U_MS_Windows_Server_2019_V2R5_STIG_SCAP_1-2_Benchmark.zip"
"Microsoft Windows Server 2022 STIG - Ver 1, Rel 4 ","2023-10-30","https://dl.dod.cyber.mil/wp-content/uploads/stigs/zip/U_MS_Windows_Server_2022_V1R4_STIG.zip"
"Microsoft Windows Server 2022 STIG Benchmark - Ver 1, Rel 3 ","2023-10-30","https://dl.dod.cyber.mil/wp-content/uploads/stigs/zip/U_MS_Windows_Server_2022_V1R3_STIG_SCAP_1-2_Benchmark.zip"
"Microsoft Windows Defender Firewall with Advanced Security STIG - Ver 2, Rel 2 ","2023-10-30","https://dl.dod.cyber.mil/wp-content/uploads/stigs/zip/U_MS_Windows_Defender_Firewall_V2R2_STIG.zip"
"Microsoft Windows 10 STIG Benchmark - Ver 2, Rel 9 ","2023-10-30","https://dl.dod.cyber.mil/wp-content/uploads/stigs/zip/U_MS_Windows_10_V2R9_STIG_SCAP_1-2_Benchmark.zip"
"Sunset - Microsoft Windows 2012 and 2012 R2 DC STIG - Ver 3, Rel 7 ","2023-10-30","https://dl.dod.cyber.mil/wp-content/uploads/stigs/zip/U_MS_Windows_2012_and_2012_R2_DC_V3R7_STIG.zip"
"Sunset - Microsoft Windows Server 2012 and 2012 R2 MS STIG Benchmark - Ver 3, Rel 6 ","2023-10-30","https://dl.dod.cyber.mil/wp-content/uploads/stigs/zip/U_MS_Windows_2012_and_2012_R2_MS_V3R6_STIG_SCAP_1-2_Benchmark.zip"
"Microsoft Windows Defender Firewall with Advanced Security STIG Benchmark - Ver 2, Rel 3 ","2023-10-30","https://dl.dod.cyber.mil/wp-content/uploads/stigs/zip/U_MS_Windows_Defender_Firewall_V2R3_STIG_SCAP_1-2_Benchmark.zip"
"Microsoft Windows 11 STIG Benchmark - Ver 1, Rel 3 ","2023-10-30","https://dl.dod.cyber.mil/wp-content/uploads/stigs/zip/U_MS_Windows_11_V1R3_STIG_SCAP_1-2_Benchmark.zip"
"Unified Communications Draft SRG - Ver 1, Rel 0.1 ","2023-10-27","https://dl.dod.cyber.mil/wp-content/uploads/stigs/zip/U_UC_V1R0-1_IDraftSRG.zip"
"Unified Communications Draft SRG Comment Matrix ","2023-10-27","https://dl.dod.cyber.mil/wp-content/uploads/stigs/xls/U_UC_SRG_Comment_Matrix.xlsx"
"Canonical Ubuntu 20.04 LTS STIG for Ansible - Ver 1, Rel 10 ","2023-10-23","https://dl.dod.cyber.mil/wp-content/uploads/stigs/zip/U_CAN_Ubuntu_20-04_LTS_V1R10_STIG_Ansible.zip"
"Oracle Linux 7 STIG - Ver 2, Rel 13 ","2023-10-23","https://dl.dod.cyber.mil/wp-content/uploads/stigs/zip/U_Oracle_Linux_7_V2R13_STIG.zip"
"SUSE Linux Enterprise Server 15 STIG Benchmark - Ver 1, Rel 5 ","2023-10-23","https://dl.dod.cyber.mil/wp-content/uploads/stigs/zip/U_SLES_15_V1R5_STIG_SCAP_1-2_Benchmark.zip"
"Oracle Linux 7 STIG Benchmark - Ver 2, Rel 13 ","2023-10-23","https://dl.dod.cyber.mil/wp-content/uploads/stigs/zip/U_Oracle_Linux_7_V2R13_STIG_SCAP_1-2_Benchmark.zip"
"Virtual Machine Manager SRG - Ver 1, Rel 3 ","2023-10-23","https://dl.dod.cyber.mil/wp-content/uploads/stigs/zip/U_Virtual_Machine_Manager_V1R3_SRG.zip"
"Kubernetes STIG Benchmark - Ver 1, Rel 3 ","2023-10-23","https://dl.dod.cyber.mil/wp-content/uploads/stigs/zip/U_Kubernetes_V1R3_STIG_SCAP_1-2_Benchmark.zip"
"Cisco ASA STIG ","2023-10-23","https://dl.dod.cyber.mil/wp-content/uploads/stigs/zip/U_Cisco_ASA_Y23M10_STIG.zip"
"Cisco IOS Router STIG ","2023-10-23","https://dl.dod.cyber.mil/wp-content/uploads/stigs/zip/U_Cisco_IOS_Router_Y23M10_STIG.zip"
"Cisco IOS Switch STIG ","2023-10-23","https://dl.dod.cyber.mil/wp-content/uploads/stigs/zip/U_Cisco_IOS_Switch_Y23M10_STIG.zip"
"Kubernetes STIG - Ver 1, Rel 11 ","2023-10-23","https://dl.dod.cyber.mil/wp-content/uploads/stigs/zip/U_Kubernetes_V1R11_STIG.zip"
"Cisco IOS XE Switch STIG ","2023-10-23","https://dl.dod.cyber.mil/wp-content/uploads/stigs/zip/U_Cisco_IOS-XE_Switch_Y23M10_STIG.zip"
"Cisco IOS XR Router STIG ","2023-10-23","https://dl.dod.cyber.mil/wp-content/uploads/stigs/zip/U_Cisco_IOS-XR_Router_Y23M10_STIG.zip"
"Oracle Linux 8 STIG for Ansible - Ver 1, Rel 8 ","2023-10-23","https://dl.dod.cyber.mil/wp-content/uploads/stigs/zip/U_Oracle_Linux_8_V1R8_STIG_Ansible.zip"
"Canonical Ubuntu 20.04 LTS STIG Benchmark - Ver 1, Rel 8 ","2023-10-23","https://dl.dod.cyber.mil/wp-content/uploads/stigs/zip/U_CAN_Ubuntu_20-04_LTS_V1R8_STIG_SCAP_1-2_Benchmark.zip"
"IBM zOS STIG ","2023-10-23","https://dl.dod.cyber.mil/wp-content/uploads/stigs/zip/U_IBM_zOS_Y23M10_STIG.zip"
"Cisco NX OS Switch STIG ","2023-10-23","https://dl.dod.cyber.mil/wp-content/uploads/stigs/zip/U_Cisco_NX-OS_Switch_Y23M10_STIG.zip"
"Red Hat Ansible Automation Controller STIG ","2023-10-23","https://dl.dod.cyber.mil/wp-content/uploads/stigs/zip/U_RH_Ansible_Automation_Controller_Y23M10_STIG.zip"
"Red Hat Enterprise Linux 7 STIG - Ver 3, Rel 13 ","2023-10-23","https://dl.dod.cyber.mil/wp-content/uploads/stigs/zip/U_RHEL_7_V3R13_STIG.zip"
"Red Hat Enterprise Linux 7 STIG Benchmark - Ver 3, Rel 13 ","2023-10-23","https://dl.dod.cyber.mil/wp-content/uploads/stigs/zip/U_RHEL_7_V3R13_STIG_SCAP_1-2_Benchmark.zip"
"Red Hat Enterprise Linux 7 STIG for Ansible - Ver 3, Rel 13 ","2023-10-23","https://dl.dod.cyber.mil/wp-content/uploads/stigs/zip/U_RHEL_7_V3R13_STIG_Ansible.zip"
"Red Hat Enterprise Linux 8 STIG Benchmark - Ver 1, Rel 11 ","2023-10-23","https://dl.dod.cyber.mil/wp-content/uploads/stigs/zip/U_RHEL_8_V1R11_STIG_SCAP_1-2_Benchmark.zip"
"Red Hat Enterprise Linux 8 STIG for Ansible - Ver 1, Rel 12 ","2023-10-23","https://dl.dod.cyber.mil/wp-content/uploads/stigs/zip/U_RHEL_8_V1R12_STIG_Ansible.zip"
"Red Hat Enterprise Linux 8 STIG for Chef - Ver 1, Rel 12 ","2023-10-23","https://dl.dod.cyber.mil/wp-content/uploads/stigs/zip/U_RHEL_8_V1R12_STIG_Chef.zip"
"IBM AIX 7.x STIG - Ver 2, Rel 9 ","2023-10-23","https://dl.dod.cyber.mil/wp-content/uploads/stigs/zip/U_IBM_AIX_7-x_V2R9_STIG.zip"
"TOSS 4 STIG Benchmark - Ver 1, Rel 2 ","2023-10-23","https://dl.dod.cyber.mil/wp-content/uploads/stigs/zip/U_TOSS_4_V1R2_STIG_SCAP_1-2_Benchmark.zip"
"Oracle Linux 8 STIG Benchmark - Ver 1, Rel 7 ","2023-10-23","https://dl.dod.cyber.mil/wp-content/uploads/stigs/zip/U_Oracle_Linux_8_V1R7_STIG_SCAP_1-2_Benchmark.zip"
"Canonical Ubuntu 20.04 LTS STIG - Ver 1, Rel 10 ","2023-10-23","https://dl.dod.cyber.mil/wp-content/uploads/stigs/zip/U_CAN_Ubuntu_20-04_LTS_V1R10_STIG.zip"
"Cisco IOS XE Router STIG ","2023-10-23","https://dl.dod.cyber.mil/wp-content/uploads/stigs/zip/U_Cisco_IOS-XE_Router_Y23M10_STIG.zip"
"Canonical Ubuntu 18.04 LTS STIG Benchmark - Ver 2, Rel 10 ","2023-10-23","https://dl.dod.cyber.mil/wp-content/uploads/stigs/zip/U_CAN_Ubuntu_18-04_V2R10_STIG_SCAP_1-2_Benchmark.zip"
"Apache Tomcat Application Server 9 STIG - Ver 2, Rel 6 ","2023-10-23","https://dl.dod.cyber.mil/wp-content/uploads/stigs/zip/U_Apache_Tomcat_Application_Server_9_V2R6_STIG.zip"
"Zebra Android 11 COBO STIG - Ver 1, Rel 3 ","2023-10-23","https://dl.dod.cyber.mil/wp-content/uploads/stigs/zip/U_Zebra_Android_11_COBO_V1R3_STIG.zip"
"Sunset - Microsoft IIS 8.5 STIG ","2023-10-23","https://dl.dod.cyber.mil/wp-content/uploads/stigs/zip/U_MS_IIS_8-5_Y23M10_STIG.zip"
"z/OS TSS Products - Ver 6, Rel 59 ","2023-10-23","https://dl.dod.cyber.mil/wp-content/uploads/stigs/zip/U_zOS_TSS_V6R59_Products.zip"
"Apple macOS 12 (Monterey) STIG - Ver 1, Rel 8 ","2023-10-23","https://dl.dod.cyber.mil/wp-content/uploads/stigs/zip/U_Apple_macOS_12_V1R8_STIG.zip"
"Canonical Ubuntu 18.04 LTS STIG for Ansible - Ver 2, Rel 12 ","2023-10-23","https://dl.dod.cyber.mil/wp-content/uploads/stigs/zip/U_CAN_Ubuntu_18-04_LTS_V2R12_STIG_Ansible.zip"
"z/OS SRR Scripts - Ver 6, Rel 59 ","2023-10-23","https://dl.dod.cyber.mil/wp-content/uploads/stigs/zip/U_zOS_V6R59_SRR.zip"
"z/OS RACF Products - Ver 6, Rel 59 ","2023-10-23","https://dl.dod.cyber.mil/wp-content/uploads/stigs/zip/U_zOS_RACF_V6R59_Products.zip"
"Sunset - Apple macOS 11 (Big Sur) STIG - Ver 1, Rel 8 ","2023-10-23","https://dl.dod.cyber.mil/wp-content/uploads/stigs/zip/U_Apple_macOS_11_V1R8_STIG.zip"
"z/OS ACF2 Products - Ver 6, Rel 59 ","2023-10-23","https://dl.dod.cyber.mil/wp-content/uploads/stigs/zip/U_zOS_ACF2_V6R59_Products.zip"
"Web Server SRG - Ver 3, Rel 2 ","2023-10-23","https://dl.dod.cyber.mil/wp-content/uploads/stigs/zip/U_Web_Server_V3R2_SRG.zip"
"Microsoft Office 365 ProPlus STIG - Ver 2, Rel 11 ","2023-10-23","https://dl.dod.cyber.mil/wp-content/uploads/stigs/zip/U_MS_Office_365_ProPlus_V2R11_STIG.zip"
"Mozilla Firefox Linux STIG Benchmark - Ver 6, Rel 4 ","2023-10-23","https://dl.dod.cyber.mil/wp-content/uploads/stigs/zip/U_MOZ_Firefox_Linux_V6R4_STIG_SCAP_1-2_Benchmark.zip"
"Sunset - VMware vRealize Automation 7.x STIG ","2023-10-23","https://dl.dod.cyber.mil/wp-content/uploads/stigs/zip/U_VMW_vRealize_Automation_7-x_Y23M10_STIG.zip"
"Apple macOS 13 (Ventura) STIG - Ver 1, Rel 3 ","2023-10-23","https://dl.dod.cyber.mil/wp-content/uploads/stigs/zip/U_Apple_macOS_13_V1R3_STIG.zip"
"Sunset - VMware vRealize Ops 6.x STIG ","2023-10-23","https://dl.dod.cyber.mil/wp-content/uploads/stigs/zip/U_VMW_vRealize_Ops_6-x_Y23M10_STIG.zip"
"SUSE Linux Enterprise Server 15 STIG - Ver 1, Rel 11 ","2023-10-23","https://dl.dod.cyber.mil/wp-content/uploads/stigs/zip/U_SLES_15_V1R11_STIG.zip"
"SUSE Linux Enterprise Server 12 STIG - Ver 2, Rel 12 ","2023-10-23","https://dl.dod.cyber.mil/wp-content/uploads/stigs/zip/U_SLES_12_V2R12_STIG.zip"
"Network WLAN STIG ","2023-10-23","https://dl.dod.cyber.mil/wp-content/uploads/stigs/zip/U_Network_WLAN_Y23M10_STIG.zip"
"Sunset - VMware vRealize Operations Manager Cassandra STIG - Ver 1, Rel 2 ","2023-10-23","https://dl.dod.cyber.mil/wp-content/uploads/stigs/zip/U_VMW_vRealize_Ops_Mgr_Cassandra_V1R2_STIG.zip"
"Splunk Enterprise 8.x for Linux STIG - Ver 1, Rel 5 ","2023-10-23","https://dl.dod.cyber.mil/wp-content/uploads/stigs/zip/U_Splunk_Enterprise_8-x_for-Linux_V1R5_STIG.zip"
"SUSE Linux Enterprise Server 15 for Ansible - Ver 1, Rel 11 ","2023-10-23","https://dl.dod.cyber.mil/wp-content/uploads/stigs/zip/U_SLES15_V1R11_STIG_Ansible.zip"
"MS SQL Server 2016 STIG ","2023-10-23","https://dl.dod.cyber.mil/wp-content/uploads/stigs/zip/U_MS_SQL_Server_2016_Y23M10_STIG.zip"
"Microsoft Exchange 2016 STIG ","2023-10-23","https://dl.dod.cyber.mil/wp-content/uploads/stigs/zip/U_MS_Exchange_2016_Y23M10_STIG.zip"
"Canonical Ubuntu 18.04 LTS STIG - Ver 2, Rel 12 ","2023-10-23","https://dl.dod.cyber.mil/wp-content/uploads/stigs/zip/U_CAN_Ubuntu_18-04_LTS_V2R12_STIG.zip"
"Microsoft IIS 10.0 STIG ","2023-10-23","https://dl.dod.cyber.mil/wp-content/uploads/stigs/zip/U_MS_IIS_10-0_Y23M10_STIG.zip"
"Mozilla Firefox Windows STIG Benchmark - Ver 6, Rel 5 ","2023-10-23","https://dl.dod.cyber.mil/wp-content/uploads/stigs/zip/U_MOZ_Firefox_Windows_V6R5_STIG_SCAP_1-2_Benchmark.zip"
"Microsoft Edge STIG Benchmark - Ver 1, Rel 3 ","2023-10-23","https://dl.dod.cyber.mil/wp-content/uploads/stigs/zip/U_MS_Edge_V1R3_STIG_SCAP_1-2_Benchmark.zip"
"Apple iOS/iPadOS 17 STIG - Ver 1, Rel 1 ","2023-10-16","https://dl.dod.cyber.mil/wp-content/uploads/stigs/zip/U_Apple_iOS-iPadOS_17_V1R1_STIG.zip"
"Google Android 14 STIG ","2023-10-12","https://dl.dod.cyber.mil/wp-content/uploads/stigs/zip/U_Google_Android_14_Y23M10_STIG.zip"
"Red Hat Enterprise Linux 9 STIG - Ver 1, Rel 1 ","2023-10-11","https://dl.dod.cyber.mil/wp-content/uploads/stigs/U_RHEL_9_V1R1_STIG.zip"
"Google Android 13 BYOAD STIG ","2023-10-11","https://dl.dod.cyber.mil/wp-content/uploads/stigs/zip/U_Google_Android_13_BYOAD_Y23M10_STIG.zip"
"SCC 5.8 RHEL 8/Oracle Linux 8 x86 64 ","2023-09-27","https://dl.dod.cyber.mil/wp-content/uploads/stigs/zip/scc-5.8_rhel8_oracle-linux8_x86_64_bundle.zip"
"SCC 5.8 Checksums File ","2023-09-18","https://dl.dod.cyber.mil/wp-content/uploads/stigs/txt/SCC_5.8_Checksums.txt"
"SCC 5.8 Readme ","2023-09-18","https://dl.dod.cyber.mil/wp-content/uploads/stigs/txt/SCC_5.8_Readme.txt"
"SCC 5.8 Raspbian 11 ARMv7 ","2023-09-18","https://dl.dod.cyber.mil/wp-content/uploads/stigs/zip/scc-5.8_raspbian11_armv7l-32_bundle.zip"
"SCC 5.8 RHEL 6 x86 64 ","2023-09-18","https://dl.dod.cyber.mil/wp-content/uploads/stigs/zip/scc-5.8_rhel6_x86_64_bundle.zip"
"SCC 5.8 RHEL 7/Oracle Linux 7/SLES12/SLES 15 x86 64 ","2023-09-18","https://dl.dod.cyber.mil/wp-content/uploads/stigs/zip/scc-5.8_rhel7_sles12-15_oracle-linux7_x86_64_bundle.zip"
"SCC 5.8 RHEL 6 i686 ","2023-09-18","https://dl.dod.cyber.mil/wp-content/uploads/stigs/zip/scc-5.8_rhel6_i686_bundle.zip"
"SCC 5.8 Release Notes ","2023-09-18","https://dl.dod.cyber.mil/wp-content/uploads/stigs/txt/SCC_5.8_ReleaseNotes.txt"
"SCC 5.8 Solaris 11 i386 ","2023-09-18","https://dl.dod.cyber.mil/wp-content/uploads/stigs/zip/scc-5.8_solaris11_i386_bundle.zip"
"SCC 5.8 RHEL 9x86 64 ","2023-09-18","https://dl.dod.cyber.mil/wp-content/uploads/stigs/zip/scc-5.8_rhel9_x86_64_bundle.zip"
"SCC 5.8 RPM GPG key ","2023-09-18","https://dl.dod.cyber.mil/wp-content/uploads/stigs/zip/RPM-GPG-KEY-scc-5.zip"
"SCC 5.8 Solaris 10 i386 ","2023-09-18","https://dl.dod.cyber.mil/wp-content/uploads/stigs/zip/scc-5.8_solaris10_i386_bundle.zip"
"SCC 5.8 Solaris 10 SPARC ","2023-09-18","https://dl.dod.cyber.mil/wp-content/uploads/stigs/zip/scc-5.8_solaris10_sparc_bundle.zip"
"SCC 5.8 Solaris 11 SPARC ","2023-09-18","https://dl.dod.cyber.mil/wp-content/uploads/stigs/zip/scc-5.8_solaris11_sparc_bundle.zip"
"SCC 5.8 Ubuntu 16 AMD64 ","2023-09-18","https://dl.dod.cyber.mil/wp-content/uploads/stigs/zip/scc-5.8_ubuntu16_amd64_bundle.zip"
"SCC 5.8 Ubuntu 16 i686 ","2023-09-18","https://dl.dod.cyber.mil/wp-content/uploads/stigs/zip/scc-5.8_ubuntu16_i686_bundle.zip"
"SCC 5.8 Ubuntu 18/20 AMD64 ","2023-09-18","https://dl.dod.cyber.mil/wp-content/uploads/stigs/zip/scc-5.8_ubuntu18_ubuntu20_amd64_bundle.zip"
"SCC 5.8 Ubuntu 20/Raspios-bulleye Aarch64 ","2023-09-18","https://dl.dod.cyber.mil/wp-content/uploads/stigs/zip/scc-5.8_ubuntu20_raspios-bullseye_arm64_bundle.zip"
"SCC 5.8 Ubuntu 22 AMD64 ","2023-09-18","https://dl.dod.cyber.mil/wp-content/uploads/stigs/zip/scc-5.8_ubuntu22_amd64_bundle.zip"
"SCC 5.8 UNIX Remote Scanning Plugin ","2023-09-18","https://dl.dod.cyber.mil/wp-content/uploads/stigs/zip/SCC_5.8_UNIX_Remote_Scanning_Plugin.zip"
"SCC 5.8 Windows ","2023-09-18","https://dl.dod.cyber.mil/wp-content/uploads/stigs/zip/scc-5.8_Windows_bundle.zip"
"SCC 5.8 RHEL 8/Oracle Linux 8 Aarch64 ","2023-09-18","https://dl.dod.cyber.mil/wp-content/uploads/stigs/zip/scc-5.8_rhel8_oracle-linux8_aarch64_bundle.zip"
"SCC 5.8 Mac OS X x86 64 ","2023-09-18","https://dl.dod.cyber.mil/wp-content/uploads/stigs/zip/scc-5.8_macosx10_x86_64_bundle.zip"
"Red Hat OpenShift Container Platform 4.12 STIG - Ver 1, Rel 1 ","2023-09-08","https://dl.dod.cyber.mil/wp-content/uploads/stigs/zip/U_RH_OpenShift_Container_Platform_4-12_V1R1_STIG.zip"
"Cloud Computing Draft SRG - V1R0.1 ","2023-09-08","https://dl.dod.cyber.mil/wp-content/uploads/cloud/zip/U_Cloud_Computing_V1R0-2_IDraftSRG.zip"
"Cloud Computing Draft SRG Comment Matrix ","2023-09-08","https://dl.dod.cyber.mil/wp-content/uploads/cloud/xls/U_Cloud_Computing_SRG_Comment_Matrix.xlsx"
"Apple iOS/iPadOS 16 BYOAD STIG - Ver 1, Rel 1 ","2023-09-08","https://dl.dod.cyber.mil/wp-content/uploads/stigs/zip/U_Apple_iOS-iPadOS_16_BYOAD_Y23M08_STIG.zip"
"Microsoft Windows Server 2022 DNS Draft STIG Comment Matrix ","2023-08-29","https://dl.dod.cyber.mil/wp-content/uploads/stigs/xls/U_MS_Windows_Server_2022_DNS_Comment_Matrix.xlsx"
"Microsoft Windows 11 STIG for Chef - Ver 1, Rel 3 ","2023-08-17","https://dl.dod.cyber.mil/wp-content/uploads/stigs/zip/U_MS_Windows_11_V1R3_STIG_Chef.zip"
"STIG Viewer 3.1 Hashes ","2023-08-08","https://dl.dod.cyber.mil/wp-content/uploads/stigs/txt/U_STIGViewer_3-1-0_Hashes.txt"
"STIG Viewer 3.1-Win64 ","2023-08-08","https://dl.dod.cyber.mil/wp-content/uploads/stigs/zip/U_STIGViewer-win32_x64-3-1-0.zip"
"STIG Viewer 3.1-Linux ","2023-08-08","https://dl.dod.cyber.mil/wp-content/uploads/stigs/zip/U_STIGViewer-linux_x64-3-1-0.zip"
"STIG Viewer 3.1-Win64 msi ","2023-08-08","https://dl.dod.cyber.mil/wp-content/uploads/stigs/zip/U_STIGViewer-win32_x64-3-1-0_msi.zip"
"STIG Viewer 3.x User Guide - Ver 1, Rel 1 ","2023-08-08","https://dl.dod.cyber.mil/wp-content/uploads/stigs/pdf/U_STIG_Viewer_3-x_User_Guide_V1R1.pdf"
"Cloud Service Providers in FedRAMP Process ","2023-08-04","https://marketplace.fedramp.gov/products"
"Microsoft Windows Server 2022 DNS Draft STIG - Ver 1, Rel 0.1 ","2023-08-02","https://dl.dod.cyber.mil/wp-content/uploads/stigs/zip/U_MS_Windows_Server_2022_DNS_V1R0-1_IDraftSTIG.zip"
"CCI List ","2023-08-01","https://dl.dod.cyber.mil/wp-content/uploads/stigs/zip/U_CCI_List.zip"
"VMware vSphere 7.0 STIG ","2023-07-24","https://dl.dod.cyber.mil/wp-content/uploads/stigs/zip/U_VMW_vSphere_7-0_Y23M07_STIG.zip"
"Q3 Release Summary ","2023-07-21","https://dl.dod.cyber.mil/wp-content/uploads/stigs/pdf/July-2023-STIGs-to-Be-Released.pdf"
"Solaris 11 X86 STIG - Ver 2, Rel 8 ","2023-07-20","https://dl.dod.cyber.mil/wp-content/uploads/stigs/zip/U_SOL_11_x86_V2R8_STIG.zip"
"BlackBerry Enterprise Mobility Server (BEMS) 3.x STIG - Ver 1, Rel 2 ","2023-07-20","https://dl.dod.cyber.mil/wp-content/uploads/stigs/zip/U_BEMS_3-x_V1R2_STIG.zip"
"Splunk Enterprise 7.x for Windows STIG - Ver 2, Rel 4 ","2023-07-20","https://dl.dod.cyber.mil/wp-content/uploads/stigs/zip/U_Splunk_Enterprise_7-x_for_Windows_V2R4_STIG.zip"
"Sunset - VMware vSphere 6.5 STIG ","2023-07-20","https://dl.dod.cyber.mil/wp-content/uploads/stigs/zip/U_VMW_vSphere_6-5_Y23M07_STIG.zip"
"Microsoft Edge STIG - Ver 1, Rel 7 ","2023-07-20","https://dl.dod.cyber.mil/wp-content/uploads/stigs/zip/U_MS_Edge_V1R7_STIG.zip"
"Oracle Database 12c STIG - Ver 2, Rel 8 ","2023-07-20","https://dl.dod.cyber.mil/wp-content/uploads/stigs/zip/U_Oracle_Database_12c_V2R8_STIG.zip"
"Rancher Government Solutions Multi-Cluster Manager STIG - Ver 1, Rel 3 ","2023-07-20","https://dl.dod.cyber.mil/wp-content/uploads/stigs/zip/U_RGS_MCM_V1R3_STIG.zip"
"Microsoft Azure SQL Database STIG - Ver 1, Rel 2 ","2023-07-20","https://dl.dod.cyber.mil/wp-content/uploads/stigs/zip/U_MS_Azure_SQL_DB_V1R2_STIG.zip"
"General Purpose Operating System SRG - Ver 2, Rel 6 ","2023-07-20","https://dl.dod.cyber.mil/wp-content/uploads/stigs/zip/U_GPOS_V2R6_SRG.zip"
"Mozilla Firefox STIG - Ver 6, Rel 5 ","2023-07-20","https://dl.dod.cyber.mil/wp-content/uploads/stigs/zip/U_MOZ_Firefox_V6R5_STIG.zip"
"Palo Alto Networks Prisma Cloud Compute STIG - Ver 1, Rel 3 ","2023-07-20","https://dl.dod.cyber.mil/wp-content/uploads/stigs/zip/U_PAN_Prisma_Cloud_Compute_V1R3_STIG.zip"
"Oracle MySQL 8.0 STIG - Ver 1, Rel 4 ","2023-07-20","https://dl.dod.cyber.mil/wp-content/uploads/stigs/zip/U_Oracle_MySQL_8-0_V1R4_STIG.zip"
"Jamf Pro v10.x EMM STIG - Ver 2, Rel 1 ","2023-07-20","https://dl.dod.cyber.mil/wp-content/uploads/stigs/zip/U_Jamf_Pro_v10-x_EMM_V2R1_STIG.zip"
"Juniper EX Series Switches STIG ","2023-07-20","https://dl.dod.cyber.mil/wp-content/uploads/stigs/zip/U_Juniper_EX_Switches_Y23M07_STIG.zip"
"Solaris 11 SPARC STIG - Ver 2, Rel 8 ","2023-07-20","https://dl.dod.cyber.mil/wp-content/uploads/stigs/zip/U_SOL_11_SPARC_V2R8_STIG.zip"
"Rancher Government Solutions RKE2 STIG - Ver 1, Rel 3 ","2023-07-20","https://dl.dod.cyber.mil/wp-content/uploads/stigs/zip/U_RGS_RKE2_V1R3_STIG.zip"
"Microsoft OneDrive STIG - Ver 2, Rel 3 ","2023-07-20","https://dl.dod.cyber.mil/wp-content/uploads/stigs/zip/U_MS_OneDrive_V2R3_STIG.zip"
"Sunset - Esri ArcGIS for Server 10.3 STIG - Ver 2, Rel 1 ","2023-07-20","https://dl.dod.cyber.mil/wp-content/uploads/stigs/zip/U_ArcGIS_Server_10-3_V2R1_STIG.zip"
"SUSE Linux Enterprise Server 12 STIG Benchmark - Ver 2, Rel 10 ","2023-07-20","https://dl.dod.cyber.mil/wp-content/uploads/stigs/zip/U_SLES_12_V2R10_STIG_SCAP_1-2_Benchmark.zip"
"Sunset - Samsung Android OS 10 with Knox 3.x STIG - Ver 2, Rel 1 ","2023-07-20","https://dl.dod.cyber.mil/wp-content/uploads/stigs/zip/U_SS_Android_10_Knox_3-x_V2R1_STIG.zip"
"VMware NSX-T Data Center STIG ","2023-07-20","https://dl.dod.cyber.mil/wp-content/uploads/stigs/zip/U_VMW_NSX-T_Y23M07_STIG.zip"
"Fortinet FortiGate Firewall STIG ","2023-07-20","https://dl.dod.cyber.mil/wp-content/uploads/stigs/zip/U_FN_FortiGate_Firewall_Y23M07_STIG.zip"
"Traditional Security Checklist - Ver 2, Rel 4 ","2023-07-20","https://dl.dod.cyber.mil/wp-content/uploads/stigs/zip/U_Traditional_Security_Checklist_V2R4.zip"
"Forescout STIG ","2023-07-20","https://dl.dod.cyber.mil/wp-content/uploads/stigs/zip/U_FS_Y23M07_STIG.zip"
"HPE 3PAR StoreServ OS STIG ","2023-07-20","https://dl.dod.cyber.mil/wp-content/uploads/stigs/zip/U_HPE_3PAR_StoreServ_OS_Y23M07_STIG.zip"
"Application Security and Development STIG - Ver 5, Rel 3 ","2023-07-20","https://dl.dod.cyber.mil/wp-content/uploads/stigs/zip/U_ASD_V5R3_STIG.zip"
"Apache Server 2.4 Unix STIG ","2023-07-20","https://dl.dod.cyber.mil/wp-content/uploads/stigs/zip/U_Apache_Server_2-4_Unix_Y23M07_STIG.zip"
"Domain Name System (DNS) SRG - Ver 3, Rel 1 ","2023-07-20","https://dl.dod.cyber.mil/wp-content/uploads/stigs/zip/U_Domain_Name_System_V3R1_SRG.zip"
"Sunset - VMware vSphere 6.7 STIG ","2023-07-20","https://dl.dod.cyber.mil/wp-content/uploads/stigs/zip/U_VMW_vSphere_6-7_Y23M07_STIG.zip"
"IBM DB2 V10.5 STIG - Ver 2, Rel 1 ","2023-07-20","https://dl.dod.cyber.mil/wp-content/uploads/stigs/zip/U_IBM_DB2_V10-5_LUW_V2R1_STIG.zip"
"Container Platform SRG - Ver 1, Rel 4 ","2023-07-20","https://dl.dod.cyber.mil/wp-content/uploads/stigs/zip/U_Container_Platform_V1R4_SRG.zip"
"Application Server SRG - Ver 3, Rel 4 ","2023-07-20","https://dl.dod.cyber.mil/wp-content/uploads/stigs/zip/U_Application_Server_V3R4_SRG.zip"
"BlackBerry CylancePROTECT Mobile for UEM STIG - Ver 1, Rel 1 ","2023-06-29","https://dl.dod.cyber.mil/wp-content/uploads/stigs/zip/U_BB_CylancePROTECT_Mobile_for_UEM_V1R1_STIG.zip"
"Network Device Management SRG - Ver 4, Rel 3 ","2023-05-17","https://dl.dod.cyber.mil/wp-content/uploads/stigs/zip/U_NDM_V4R3_SRG.zip"
"Network Infrastructure Policy STIG - Ver 10, Rel 6 ","2023-05-17","https://dl.dod.cyber.mil/wp-content/uploads/stigs/zip/U_Network_Infrastructure_Policy_V10R6_STIG.zip"
"Cisco ISE STIG ","2023-05-17","https://dl.dod.cyber.mil/wp-content/uploads/stigs/zip/U_Cisco_ISE_Y23M06_STIG.zip"
"Virtual Private Network SRG - Ver 2, Rel 5 ","2023-05-17","https://dl.dod.cyber.mil/wp-content/uploads/stigs/zip/U_VPN_V2R5_SRG.zip"
"Juniper Router STIG ","2023-05-17","https://dl.dod.cyber.mil/wp-content/uploads/stigs/zip/U_Juniper_Router_Y23M06_STIG.zip"
"Active Directory Domain STIG - Ver 3, Rel 3 ","2023-05-05","https://dl.dod.cyber.mil/wp-content/uploads/stigs/zip/U_Active_Directory_Domain_V3R3_STIG.zip"
"Microsoft Defender Antivirus STIG Benchmark - Ver 2, Rel 4 ","2023-05-05","https://dl.dod.cyber.mil/wp-content/uploads/stigs/zip/U_MS_Defender_Antivirus_V2R4_STIG_SCAP_1-2_Benchmark.zip"
"Microsoft Internet Explorer 11 STIG - Ver 2, Rel 4 ","2023-04-24","https://dl.dod.cyber.mil/wp-content/uploads/stigs/zip/U_MS_IE11_V2R4_STIG.zip"
"IBM Hardware Management Console (HMC) STIG ","2023-04-24","https://dl.dod.cyber.mil/wp-content/uploads/stigs/zip/U_IBM_HMC_Y23M04_STIG.zip"
"Apple iOS/iPadOS 16 STIG - Ver 1, Rel 2 ","2023-04-24","https://dl.dod.cyber.mil/wp-content/uploads/stigs/zip/U_Apple_iOS-iPadOS_16_V1R2_STIG.zip"
"Microsoft Internet Explorer 11 STIG Benchmark - Ver 2, Rel 5 ","2023-04-24","https://dl.dod.cyber.mil/wp-content/uploads/stigs/zip/U_MS_IE11_V2R5_STIG_SCAP_1-2_Benchmark.zip"
"Unified Endpoint Manager (UEM) SRG ","2023-04-24","https://dl.dod.cyber.mil/wp-content/uploads/stigs/zip/U_UEM_Y23M04_SRG.zip"
"Solaris 11 X86 STIG Benchmark - Ver 2, Rel 4 ","2023-04-24","https://dl.dod.cyber.mil/wp-content/uploads/stigs/zip/U_SOL_11_X86_V2R4_STIG_SCAP_1-2_Benchmark.zip"
"Cisco IOS-XE Router NDM STIG Benchmark - Ver 1, Rel 7 ","2023-04-24","https://dl.dod.cyber.mil/wp-content/uploads/stigs/zip/U_Cisco_IOS-XE_Router_NDM_V1R7_STIG_SCAP_1-3_Benchmark.zip"
"Cisco IOS-XE Router RTR STIG Benchmark - Ver 1, Rel 3 ","2023-04-24","https://dl.dod.cyber.mil/wp-content/uploads/stigs/zip/U_Cisco_IOS-XE_Router_RTR_V1R3_STIG_SCAP_1-3_Benchmark.zip"
"Solaris 11 SPARC STIG Benchmark - Ver 2, Rel 4 ","2023-04-24","https://dl.dod.cyber.mil/wp-content/uploads/stigs/zip/U_SOL_11_SPARC_V2R4_STIG_SCAP_1-2_Benchmark.zip"
"Update to DoD CIO Memo on Commercial Public Key Infrastructure Certificates on Public-Facing DoD Websites ","2023-03-10","https://dl.dod.cyber.mil/wp-content/uploads/pki-pke/pdf/unclass-cio_memo_update_commercial_certs.pdf"
"AvePoint Compliance Guardian STIG - Ver 1, Rel 1 ","2023-03-07","https://dl.dod.cyber.mil/wp-content/uploads/stigs/zip/U_AP_Compliance_Guardian_V1R1_STIG.zip"
"Nutanix AOS 5.20.x STIG - Ver 1, Rel 1 ","2023-03-01","https://dl.dod.cyber.mil/wp-content/uploads/stigs/zip/U_Nutanix_AOS_5-20-x_V1R1_STIG.zip"
"Arista MLS EOS 4.2x STIG ","2023-02-14","https://dl.dod.cyber.mil/wp-content/uploads/stigs/zip/U_Arista_MLS_EOS_4-2x_Y23M02_STIG.zip"
"Riverbed NetProfiler STIG - Ver 1, Rel 1 ","2023-02-14","https://dl.dod.cyber.mil/wp-content/uploads/stigs/zip/U_RB_NetProfiler_V1R1_STIG.zip"
"Windows Server 2022 STIG with Ansible - Ver 1, Rel 1 ","2023-02-08","https://dl.dod.cyber.mil/wp-content/uploads/stigs/zip/U_MS_Windows_Server_2022_V1R1_STIG_Ansible.zip"
"Microsoft Windows Server 2022 STIG for Chef - Ver 1, Rel 1 ","2023-02-03","https://dl.dod.cyber.mil/wp-content/uploads/stigs/zip/U_MS_Windows_Server_2022_V1R1_STIG_Chef.zip"
"Samsung Android 13 with Knox 3.x STIG ","2023-01-30","https://dl.dod.cyber.mil/wp-content/uploads/stigs/zip/U_SS_Android_OS_13_KPE_3-x_Y23M01_STIG.zip"
"Sunset - Solaris 10 SPARC STIG Benchmark - Ver 2, Rel 4 ","2023-01-13","https://dl.dod.cyber.mil/wp-content/uploads/stigs/zip/U_SOL_10_SPARC_V2R4_STIG_SCAP_1-2_Benchmark.zip"
"Sunset - Solaris 10 X86 STIG Benchmark - Ver 2, Rel 4 ","2023-01-13","https://dl.dod.cyber.mil/wp-content/uploads/stigs/zip/U_SOL_10_X86_V2R4_STIG_SCAP_1-2_Benchmark.zip"
"Sunset - Solaris 10 SPARC STIG - Ver 2, Rel 4 ","2023-01-13","https://dl.dod.cyber.mil/wp-content/uploads/stigs/zip/U_SOL_10_SPARC_V2R4_STIG.zip"
"Sunset - Solaris 10 x86 STIG - Ver 2, Rel 4 ","2023-01-13","https://dl.dod.cyber.mil/wp-content/uploads/stigs/zip/U_SOL_10_x86_V2R4_STIG.zip"
"Sunset - Apple OS X 10.15 STIG - Ver 1, Rel 10 ","2023-01-13","https://dl.dod.cyber.mil/wp-content/uploads/stigs/zip/U_Apple_OS_X_10-15_V1R10_STIG.zip"
"Sunset - Oracle Linux 6 STIG - Ver 2, Rel 7 ","2023-01-13","https://dl.dod.cyber.mil/wp-content/uploads/stigs/zip/U_Oracle_Linux_6_V2R7_STIG.zip"
"Apache Server 2.4 Windows STIG ","2023-01-13","https://dl.dod.cyber.mil/wp-content/uploads/stigs/zip/U_Apache_Server_2-4_Windows_Y23M01_STIG.zip"
"NetApp ONTAP DSC 9.x STIG - Ver 1, Rel 3 ","2023-01-13","https://dl.dod.cyber.mil/wp-content/uploads/stigs/zip/U_NetApp_ONTAP_DSC_9-x_V1R3_STIG.zip"
"Google Chrome STIG - Ver 2, Rel 8 ","2023-01-13","https://dl.dod.cyber.mil/wp-content/uploads/stigs/zip/U_Google_Chrome_V2R8_STIG.zip"
"Google Chrome STIG Benchmark - Ver 2, Rel 8 ","2023-01-13","https://dl.dod.cyber.mil/wp-content/uploads/stigs/zip/U_Google_Chrome_V2R8_STIG_SCAP_1-2_Benchmark.zip"
"Microsoft .NET Framework 4 STIG Benchmark - Ver 2, Rel 2 ","2023-01-13","https://dl.dod.cyber.mil/wp-content/uploads/stigs/zip/U_MS_DotNet_Framework_4-0_V2R2_STIG_SCAP_1-2_Benchmark.zip"
"Oracle HTTP Server 12.1.3 STIG - Ver 2, Rel 2 ","2023-01-13","https://dl.dod.cyber.mil/wp-content/uploads/stigs/zip/U_Oracle_HTTP_Server_12-1-3_V2R2_STIG.zip"
"Tri-Lab Operating System Stack (TOSS) 4 STIG - Ver 1, Rel 1 ","2022-12-29","https://dl.dod.cyber.mil/wp-content/uploads/stigs/zip/U_TOSS_4_V1R1_STIG.zip"
"Tanium 7.x on TanOS STIG - Ver 1, Rel 1 ","2022-11-29","https://dl.dod.cyber.mil/wp-content/uploads/stigs/zip/U_Tanium_7-x_TanOS_V1R1_STIG.zip"
"Microsoft Android 11 STIG ","2022-11-16","https://dl.dod.cyber.mil/wp-content/uploads/stigs/zip/U_MS_Android_11_STIG.zip"
"Google Android 13 STIG - Ver 1, Rel 1 ","2022-11-01","https://dl.dod.cyber.mil/wp-content/uploads/stigs/zip/U_Google_Android_13_V1R1_STIG.zip"
"Firewall SRG - Ver 2, Rel 3 ","2022-10-21","https://dl.dod.cyber.mil/wp-content/uploads/stigs/zip/U_Firewall_V2R3_SRG.zip"
"Sunset - Apple iOS/iPadOS 14 STIG - Ver 1, Rel 3 ","2022-10-21","https://dl.dod.cyber.mil/wp-content/uploads/stigs/zip/U_Apple_iOS_iPadOS_14_V1R3_STIG.zip"
"Adobe Acrobat Reader DC Continuous Track STIG Benchmark - Ver 2, Rel 2 ","2022-10-21","https://dl.dod.cyber.mil/wp-content/uploads/stigs/zip/U_Adobe_Acrobat_Reader_DC_Continuous_V2R2_STIG_SCAP_1-2_Benchmark.zip"
"Redis Enterprise 6.x STIG - Ver 1, Rel 2 ","2022-10-21","https://dl.dod.cyber.mil/wp-content/uploads/stigs/zip/U_Redis_Enterprise_6-x_V1R2_STIG.zip"
"IBM WebSphere Liberty Server STIG - Ver 1, Rel 2 ","2022-10-21","https://dl.dod.cyber.mil/wp-content/uploads/stigs/zip/U_IBM_WebSphere_Liberty_Server_V1R2_STIG.zip"
"IBM zVM Using CA VMSecure STIG - Ver 2, Rel 2 ","2022-10-21","https://dl.dod.cyber.mil/wp-content/uploads/stigs/zip/U_IBM_zVM_Using_CA_VMSecure_V2R2_STIG.zip"
"Juniper SRX Services Gateway STIG ","2022-10-21","https://dl.dod.cyber.mil/wp-content/uploads/stigs/zip/U_Juniper_SRX_SG_Y22M10_STIG.zip"
"Central Log Server SRG - Ver 2, Rel 2 ","2022-10-21","https://dl.dod.cyber.mil/wp-content/uploads/stigs/zip/U_Central_Log_Server_V2R2_SRG.zip"
"Palo Alto Networks STIG ","2022-10-21","https://dl.dod.cyber.mil/wp-content/uploads/stigs/zip/U_PAN_Y22M10_STIG.zip"
"MS SQL Server 2014 STIG ","2022-10-21","https://dl.dod.cyber.mil/wp-content/uploads/stigs/zip/U_MS_SQL_Server_2014_Y22M10_STIG.zip"
"MarkLogic Server v9 STIG - Ver 2, Rel 1 ","2022-10-21","https://dl.dod.cyber.mil/wp-content/uploads/stigs/zip/U_MarkLogic_Server_v9_V2R1_STIG.zip"
"Sunset - Zebra Android 10 STIG ","2022-10-21","https://dl.dod.cyber.mil/wp-content/uploads/stigs/zip/U_Zebra_Android_10_Y22M10_STIG.zip"
"CA IDMS STIG - Ver 1, Rel 2 ","2022-10-21","https://dl.dod.cyber.mil/wp-content/uploads/stigs/zip/U_CA_IDMS_V1R2_STIG.zip"
"MongoDB Enterprise Advanced 4.x STIG - Ver 1, Rel 2 ","2022-10-21","https://dl.dod.cyber.mil/wp-content/uploads/stigs/zip/U_MDB_Enterprise_Advanced_4-x_V1R2_STIG.zip"
"Microsoft .Net Framework 4.0 STIG - Ver 2, Rel 2 ","2022-10-21","https://dl.dod.cyber.mil/wp-content/uploads/stigs/zip/U_MS_DotNet_Framework_4-0_V2R2_STIG.zip"
"Mainframe Product SRG - Ver 2, Rel 1 ","2022-10-21","https://dl.dod.cyber.mil/wp-content/uploads/stigs/zip/U_Mainframe_Product_V2R1_SRG.zip"
"SPEC Innovations Innoslate 4.x STIG - Ver 1, Rel 1 ","2022-09-28","https://dl.dod.cyber.mil/wp-content/uploads/stigs/zip/U_SPEC_Innovations_Innoslate_4-x_V1R1_STIG.zip"
"STIG Viewer 2.17 ","2022-09-21","https://dl.dod.cyber.mil/wp-content/uploads/stigs/zip/U_STIGViewer_2-17.zip"
"STIG Viewer 2.17-Win64 ","2022-09-21","https://dl.dod.cyber.mil/wp-content/uploads/stigs/zip/U_STIGViewer_2-17_Win64.zip"
"STIG Viewer 2.17 Hashes ","2022-09-21","https://dl.dod.cyber.mil/wp-content/uploads/stigs/txt/U_STIGViewer_2-17_Hashes.txt"
"STIG Viewer User Guide (Sep 2022) ","2022-09-21","https://dl.dod.cyber.mil/wp-content/uploads/stigs/pdf/U_STIG_Viewer_2-x_User_Guide_V1R13.pdf"
"STIG Viewer 2.17-Linux ","2022-09-21","https://dl.dod.cyber.mil/wp-content/uploads/stigs/zip/U_STIGViewer_2-17_Linux.zip"
"STIG Viewer 2.17-Win64 msi ","2022-09-21","https://dl.dod.cyber.mil/wp-content/uploads/stigs/zip/U_STIGViewer_2-17_Win64.msi.zip"
"Motorola Solutions Android 11 - Ver 1, Rel 2 ","2022-09-07","https://dl.dod.cyber.mil/wp-content/uploads/stigs/zip/U_MOT_Solutions_Android_11_V1R2_STIG.zip"
"Tanium 7.x STIG - Ver 1, Rel 2 ","2022-08-25","https://dl.dod.cyber.mil/wp-content/uploads/stigs/zip/U_Tanium_7-x_V1R2_STIG.zip"
"MariaDB Enterprise 10.x STIG - Ver 1, Rel 2 ","2022-08-24","https://dl.dod.cyber.mil/wp-content/uploads/stigs/zip/U_MariaDB_Enterprise_10-x_V1R2_STIG.zip"
"IBM Aspera Platform 4-2 STIG - Ver 1, Rel 2 ","2022-08-24","https://dl.dod.cyber.mil/wp-content/uploads/stigs/zip/U_IBM_Aspera_Platform_4-2_V1R2_STIG.zip"
"AvePoint DocAve 6 STIG - Ver 1, Rel 2 ","2022-08-24","https://dl.dod.cyber.mil/wp-content/uploads/stigs/zip/U_AvePoint_DocAve_6_V1R2_STIG.zip"
"AvePoint DocAve 6 - Ver 1, Rel 1 ","2022-08-02","https://dl.dod.cyber.mil/wp-content/uploads/stigs/zip/U_AvePoint_DocAve_6_V1R1_STIG.zip"
"Samsung Android 12 with Knox 3.x STIG ","2022-07-27","https://dl.dod.cyber.mil/wp-content/uploads/stigs/zip/U_SS_Android_12_KPE_3-x_Y22M07_STIG.zip"
"Samsung SDS EMM STIG - Ver 1, Rel 3 ","2022-07-27","https://dl.dod.cyber.mil/wp-content/uploads/stigs/zip/U_SS_SDS_EMM_V1R3_STIG.zip"
"Red Hat Enterprise Linux 7 STIG for Chef - Ver 3, Rel 8 ","2022-07-27","https://dl.dod.cyber.mil/wp-content/uploads/stigs/zip/U_RHEL_7_V3R8_STIG_Chef.zip"
"PostgreSQL 9.x STIG - Ver 2, Rel 3 ","2022-07-27","https://dl.dod.cyber.mil/wp-content/uploads/stigs/zip/U_PGS_SQL_9-x_V2R3_STIG.zip"
"Sunset - Voice Video Services Policy Security STIG - Ver 3, Rel 18 ","2022-07-27","https://dl.dod.cyber.mil/wp-content/uploads/stigs/zip/U_Voice_Video_Services_Policy_V3R18_STIG.zip"
"Sunset - Voice/Video over Internet Protocol (VVoIP) STIG - Ver 3, Rel 15 ","2022-07-27","https://dl.dod.cyber.mil/wp-content/uploads/stigs/zip/U_VVoIP_V3R15_STIG.zip"
"Sunset - Voice Video Session Management SRG - Ver 2, Rel 2 ","2022-07-27","https://dl.dod.cyber.mil/wp-content/uploads/stigs/zip/U_Voice_Video_Session_Mgmt_V2R2_SRG.zip"
"Sunset - Voice Video Endpoint SRG - Ver 2, Rel 2 ","2022-07-27","https://dl.dod.cyber.mil/wp-content/uploads/stigs/zip/U_Voice_Video_Endpoint_V2R2_SRG.zip"
"Sunset - Video Services Policy STIG - Ver 1, Rel 12 ","2022-07-27","https://dl.dod.cyber.mil/wp-content/uploads/stigs/zip/U_Video_Services_Policy_V1R12_STIG.zip"
"Trend Micro TippingPoint STIG ","2022-07-27","https://dl.dod.cyber.mil/wp-content/uploads/stigs/zip/U_TM_TippingPoint_Y22M07_STIG.zip"
"Apple iOS/iPadOS 15 STIG - Ver 1, Rel 3 ","2022-07-27","https://dl.dod.cyber.mil/wp-content/uploads/stigs/zip/U_Apple_iOS-iPadOS_15_V1R3_STIG.zip"
"EDB Postgres Advanced Server v11 for Windows STIG - Ver 2, Rel 2 ","2022-07-27","https://dl.dod.cyber.mil/wp-content/uploads/stigs/zip/U_EDB_PGS_Advanced_Server_v11_Windows_V2R2_STIG.zip"
"EDB Postgres Advanced Server STIG - Ver 2, Rel 2 ","2022-07-27","https://dl.dod.cyber.mil/wp-content/uploads/stigs/zip/U_EDB_PGS_Advanced_Server_V2R2_STIG.zip"
"Database SRG - Ver 3, Rel 3 ","2022-07-27","https://dl.dod.cyber.mil/wp-content/uploads/stigs/zip/U_Database_V3R3_SRG.zip"
"Crunchy Data PostgreSQL STIG - Ver 2, Rel 1 ","2022-07-27","https://dl.dod.cyber.mil/wp-content/uploads/stigs/zip/U_CD_PGSQL_V2R1_STIG.zip"
"Microsoft Windows 2012 Server Domain Name System STIG - Ver 2, Rel 5 ","2022-05-25","https://dl.dod.cyber.mil/wp-content/uploads/stigs/zip/U_MS_Windows_2012_Server_DNS_V2R5_STIG.zip"
"Microsoft Defender Antivirus STIG - Ver 2, Rel 4 ","2022-05-25","https://dl.dod.cyber.mil/wp-content/uploads/stigs/zip/U_MS_Defender_Antivirus_V2R4_STIG.zip"
"Sunset - Enclave Test and Development STIG - Ver 1, Rel 6 ","2022-04-19","https://dl.dod.cyber.mil/wp-content/uploads/stigs/zip/U_Enclave_T-D_V1R6_STIG.zip"
"Microsoft Outlook 2016 STIG - Ver 2, Rel 3 ","2022-04-19","https://dl.dod.cyber.mil/wp-content/uploads/stigs/zip/U_MS_Outlook_2016_V2R3_STIG.zip"
"MongoDB Enterprise Advanced 3.x STIG - Ver 2, Rel 1 ","2022-04-19","https://dl.dod.cyber.mil/wp-content/uploads/stigs/zip/U_MDB_Enterprise_Advanced_3-x_V2R1_STIG.zip"
"Microsoft SharePoint 2013 STIG - Ver 2, Rel 3 ","2022-04-19","https://dl.dod.cyber.mil/wp-content/uploads/stigs/zip/U_MS_SharePoint_2013_V2R3_STIG.zip"
"HPE Nimble Storage Array STIG - Ver 1, Rel 1 ","2022-04-04","https://dl.dod.cyber.mil/wp-content/uploads/stigs/zip/U_HPE_Nimble_Storage_Array_STIG_V1R1_STIG.zip"
"CCI List Readme ","2022-03-30","https://dl.dod.cyber.mil/wp-content/uploads/stigs/txt/CCI_List_Readme.txt"
"IBM Aspera Platform 4.2 STIG - Ver 1, Rel 1 ","2022-03-25","https://dl.dod.cyber.mil/wp-content/uploads/stigs/zip/U_IBM_Aspera_Platform_4-2_V1R1_STIG.zip"
"DoD Annex for Mobile Device Fundamentals Protection Profile V3.2 - Ver 1, Rel 3 ","2022-02-15","https://dl.dod.cyber.mil/wp-content/uploads/stigs/pdf/U_DoD_Annex_for_MDF_PP_V3-2_V1R3.pdf"
"NIAP Approved Protection Profiles ","2022-02-15","https://www.niap-ccevs.org/Profile/PP.cfm"
"HPE 3PAR StoreServ 3.2.x STIG - Ver 2, Rel 1 ","2022-01-25","https://dl.dod.cyber.mil/wp-content/uploads/stigs/zip/U_HPE_3PAR_StoreServ_3-2-x_V2R1_STIG.zip"
"Oracle Database 11.2g STIG - Ver 2, Rel 3 ","2022-01-24","https://dl.dod.cyber.mil/wp-content/uploads/stigs/zip/U_Oracle_Database_11-2g_V2R3_STIG.zip"
"Microsoft Office System 2016 STIG - Ver 2, Rel 2 ","2022-01-24","https://dl.dod.cyber.mil/wp-content/uploads/stigs/zip/U_MS_Office_System_2016_V2R2_STIG.zip"
"Tanium 7.3 STIG - Ver 2, Rel 2 ","2022-01-24","https://dl.dod.cyber.mil/wp-content/uploads/stigs/zip/U_Tanium_7-3_V2R2_STIG.zip"
"Red Hat JBoss Enterprise Application Platform (EAP) 6.3 STIG - Ver 2, Rel 3 ","2022-01-24","https://dl.dod.cyber.mil/wp-content/uploads/stigs/zip/U_JBoss_EAP_6-3_V2R3_STIG.zip"
"Citrix Virtual Apps and Desktops (VAD) 7.x STIG ","2022-01-24","https://dl.dod.cyber.mil/wp-content/uploads/stigs/zip/U_Citrix_VAD_7-x_Y22M01_STIG.zip"
"Cloud Computing SRG - Ver 1, Rel 4 ","2022-01-20","https://dl.dod.cyber.mil/wp-content/uploads/cloud/zip/U_Cloud_Computing_SRG_V1R4.zip"
"Microsoft Exchange 2013 STIG ","2022-01-11","https://dl.dod.cyber.mil/wp-content/uploads/stigs/zip/U_MS_Exchange_2013_Y21M12_STIG.zip"
"Palo Alto Networks STIG for Ansible - Ver 1, Rel 4 ","2022-01-04","https://dl.dod.cyber.mil/wp-content/uploads/stigs/zip/U_Palo_Alto_Networks_V1R4_STIG_Ansible.zip"
"Ivanti MobileIron Core MDM Server STIG - Ver 1, Rel 1 ","2021-12-06","https://dl.dod.cyber.mil/wp-content/uploads/stigs/zip/U_Ivanti_MI_Core_MDM_Server_V1R1_STIG.zip"
"VMware Workspace ONE UEM STIG- Ver 2, Rel 1 ","2021-12-06","https://dl.dod.cyber.mil/wp-content/uploads/stigs/zip/U_VMW_WS1_UEM_V2R1_STIG.zip"
"Ivanti MobileIron Sentry 9.x STIG - Ver 1 Rel 1 ","2021-10-26","https://dl.dod.cyber.mil/wp-content/uploads/stigs/zip/U_Ivanti_MI_Sentry_9-x_STIG.zip"
"Google Android 12 STIG - Ver 1, Rel 1 ","2021-10-26","https://dl.dod.cyber.mil/wp-content/uploads/stigs/zip/U_Google_Android_12_STIG.zip"
"Cisco IOS XE Router NDM RTR STIG for Ansible - Ver 2, Rel 3 ","2021-10-22","https://dl.dod.cyber.mil/wp-content/uploads/stigs/zip/U_Cisco_IOS_XE_Router_NDM_RTR_V2R3_STIG_Ansible.zip"
"Sunset - Oracle Database 11g STIG - Version 9, Release 1 ","2021-10-22","https://dl.dod.cyber.mil/wp-content/uploads/stigs/zip/U_Oracle_Database_11g_Y21M10_STIG.zip"
"HYCU for Nutanix STIG - Ver 1 Rel 1 ","2021-09-10","https://dl.dod.cyber.mil/wp-content/uploads/stigs/zip/U_HYCU_for_Nutanix_V1R1_STIG.zip"
"VMware Horizon 7.13 STIG - Ver 1, Rel 1 ","2021-08-17","https://dl.dod.cyber.mil/wp-content/uploads/stigs/zip/U_VMW_Horizon_7-13_V1R1_STIG.zip"
"BIND 9.x STIG - Ver 2, Rel 2 ","2021-07-26","https://dl.dod.cyber.mil/wp-content/uploads/stigs/zip/U_BIND_9-x_V2R2_STIG.zip"
"Adobe Acrobat Reader DC Continuous Track STIG - Ver 2, Rel 1 ","2021-07-26","https://dl.dod.cyber.mil/wp-content/uploads/stigs/zip/U_Adobe_Acrobat_Reader_DC_Continuous_V2R1_STIG.zip"
"Adobe Acrobat Professional DC Continuous Track STIG - Ver 2, Rel 1 ","2021-07-26","https://dl.dod.cyber.mil/wp-content/uploads/stigs/zip/U_Adobe_Acrobat_Pro_DC_Continuous_V2R1_STIG.zip"
"Sunset - Adobe ColdFusion 11 STIG - Ver 2, Rel 1 ","2021-07-26","https://dl.dod.cyber.mil/wp-content/uploads/stigs/zip/U_Adobe_ColdFusion_11_V2R1_STIG.zip"
"DoD Enterprise DevSecOps Reference Design: CNCF Kubernetes ","2021-06-23","https://dl.dod.cyber.mil/wp-content/uploads/devsecops/pdf/DoD-Enterprise-DevSecOps-Reference-Design-v2.0-CNCF-Kubernetes.pdf"
"Layer 2 Switch SRG - Ver 2, Rel 1 ","2021-05-21","https://dl.dod.cyber.mil/wp-content/uploads/stigs/zip/U_Layer_2_Switch_V2R1_SRG.zip"
"Microsoft SCOM STIG - Ver 1, Rel 1 ","2021-05-21","https://dl.dod.cyber.mil/wp-content/uploads/stigs/zip/U_MS_SCOM_V1R1_STIG.zip"
"A10 Networks ADC ALG - Ver 2, Rel 1 ","2021-04-27","https://dl.dod.cyber.mil/wp-content/uploads/stigs/zip/U_A10_Networks_ADC_ALG_V2R1_STIG.zip"
"Oracle WebLogic Server 12c - Ver 2, Rel 1 ","2021-04-27","https://dl.dod.cyber.mil/wp-content/uploads/stigs/zip/U_Oracle_WebLogic_Server_12c_V2R1_STIG.zip"
"Docker Enterprise 2.x Linux/Unix - Ver 2, Rel 1 ","2021-04-27","https://dl.dod.cyber.mil/wp-content/uploads/stigs/zip/U_Docker_Enterprise_2-x_Linux-UNIX_V2R1_STIG.zip"
"Router SRG - Ver 4, Rel 2 ","2021-04-27","https://dl.dod.cyber.mil/wp-content/uploads/stigs/zip/U_Router_V4R2_SRG.zip"
"Sunset - Canonical Ubuntu 16.04 LTS STIG Benchmark - Ver 2, Rel 3 ","2021-04-27","https://dl.dod.cyber.mil/wp-content/uploads/stigs/zip/U_CAN_Ubuntu_16-04_LTS_V2R3_STIG_SCAP_1-2_Benchmark.zip"
"Sunset - Canonical Ubuntu 16.04 LTS STIG - Ver 2, Rel 3 ","2021-04-27","https://dl.dod.cyber.mil/wp-content/uploads/stigs/zip/U_CAN_Ubuntu_16-04_LTS_V2R3_STIG.zip"
"How to Create and SRG-STIG ID Mapping Spreadsheet ","2021-02-03","https://dl.dod.cyber.mil/wp-content/uploads/stigs/doc/U_How_to_Create_an_SRG-STIG_ID_Mapping_Spreadsheet.docx"
"Infoblox 8.x DNS STIG - Ver 1, Rel 1 ","2021-02-01","https://dl.dod.cyber.mil/wp-content/uploads/stigs/zip/U_IB_8-x_DNS_V1R1_STIG.zip"
"DoD Annex for MDM Protection Profile V4.0 - Ver 1, Rel 3 ","2021-01-29","https://dl.dod.cyber.mil/wp-content/uploads/stigs/pdf/U_DoD_Annex_for_MDM_PP_Server_V4-0_V1R3.pdf"
"DoD Annex for PP - Module for MDM Agents V1.0 - Ver 1, Rel 3 ","2021-01-29","https://dl.dod.cyber.mil/wp-content/uploads/stigs/pdf/U_DoD_Annex_for_PP-Module_for_MDM_Agents_V1-0_V1R3.pdf"
"Honeywell Android 9.x STIG ","2021-01-28","https://dl.dod.cyber.mil/wp-content/uploads/stigs/zip/U_HW_Android_9-x_STIG.zip"
"Sunset - Red Hat Enterprise Linux 6 STIG - Ver 2, Rel 2 ","2021-01-22","https://dl.dod.cyber.mil/wp-content/uploads/stigs/zip/U_RHEL_6_V2R2_STIG.zip"
"Infoblox 7.x DNS STIG - Ver 2, Rel 1 ","2021-01-22","https://dl.dod.cyber.mil/wp-content/uploads/stigs/zip/U_Infoblox_7-x_DNS_V2R1_STIG.zip"
"Blackberry UEM STIG - Ver 2, Rel 1 ","2021-01-22","https://dl.dod.cyber.mil/wp-content/uploads/stigs/zip/U_BB_UEM_MDM_V2R1_STIG.zip"
"Sunset - Red Hat Enterprise Linux 6 STIG Benchmark - Ver 2, Rel 2 ","2021-01-22","https://dl.dod.cyber.mil/wp-content/uploads/stigs/zip/U_RHEL_6_V2R2_STIG_SCAP_1-2_Benchmark.zip"
"Samsung Android 11 Knox 3.x ","2020-12-22","https://dl.dod.cyber.mil/wp-content/uploads/stigs/zip/U_SS_Android_11_Knox_3-x_STIG.zip"
"Juniper SRX SG STIG for Ansible - Ver 1, Rel 1 ","2020-11-19","https://dl.dod.cyber.mil/wp-content/uploads/stigs/zip/U_Juniper_SRX_SG_V1R1_STIG_Ansible.zip"
"Motorola Android 9.x STIG ","2020-11-10","https://dl.dod.cyber.mil/wp-content/uploads/stigs/zip/U_MOT_Android_9-x_STIG.zip"
"Microsoft Office System 2013 STIG - Ver 2, Rel 1 ","2020-10-26","https://dl.dod.cyber.mil/wp-content/uploads/stigs/zip/U_MS_OfficeSystem_2013_V2R1_STIG.zip"
"F5 BIG-IP 11.x STIG ","2020-10-26","https://dl.dod.cyber.mil/wp-content/uploads/stigs/zip/U_F5_BIG-IP_11-x_Y20M10_STIG.zip"
"Sunset - Adobe Acrobat Pro DC Classic Track STIG - Ver 2, Rel 1 ","2020-10-26","https://dl.dod.cyber.mil/wp-content/uploads/stigs/zip/U_Adobe_Acrobat_Pro_DC_Classic_V2R1_STIG.zip"
"McAfee Application Control 8.x STIG - Ver 2, Rel 1 ","2020-10-26","https://dl.dod.cyber.mil/wp-content/uploads/stigs/zip/U_McAfee_Application_Control_8-x_V2R1_STIG.zip"
"ISEC7 Sphere STIG - Ver 2, Rel 1 ","2020-10-26","https://dl.dod.cyber.mil/wp-content/uploads/stigs/zip/U_ISEC7_Sphere_V2R1_STIG.zip"
"Intrusion Detection and Prevention System SRG - Ver 2, Rel 6 ","2020-07-28","https://dl.dod.cyber.mil/wp-content/uploads/stigs/zip/U_IDPS_V2R6_SRG.zip"
"Arista MLS DCS-7000 Series STIG ","2020-07-28","https://dl.dod.cyber.mil/wp-content/uploads/stigs/zip/U_Arista_MLS_DCS-7000_Series_Y20M07_STIG.zip"
"BlackBerry Enterprise Mobility Server (BEMS) 2.x STIG - Ver 1, Rel 3 ","2020-07-28","https://dl.dod.cyber.mil/wp-content/uploads/stigs/zip/U_BEMS_2-x_V1R3_STIG.zip"
"HP FlexFabric Switch STIG ","2020-07-28","https://dl.dod.cyber.mil/wp-content/uploads/stigs/zip/U_HP_FlexFabric_Switch_Y20M07_STIG.zip"
"Microsoft Windows Server 2019 STIG for Chef - Ver 1, Rel 2 ","2020-06-22","https://dl.dod.cyber.mil/wp-content/uploads/stigs/zip/U_MS_Windows_Server_2019_V1R2_STIG_Chef.zip"
"Docker Enterprise 2.x Linux/Unix STIG for Ansible - Ver 1, Rel 1 ","2020-06-22","https://dl.dod.cyber.mil/wp-content/uploads/stigs/zip/U_Docker_Enterprise_2-x_Linux_Unix_V1R1_STIG_Ansible.zip"
"VMware vSphere 6.5 STIG for Ansible - Ver 1, Rel 2 ","2020-06-22","https://dl.dod.cyber.mil/wp-content/uploads/stigs/zip/U_VMW_vSphere_6-5_V1R2_STIG_Ansible.zip"
"Microsoft Windows Server 2016 STIG for PowerShell DSC - Ver 1, Rel 3 ","2020-06-22","https://dl.dod.cyber.mil/wp-content/uploads/stigs/zip/U_MS_Windows_Server_2016_V1R3_STIG_PowerShell_DSC.zip"
"Microsoft Windows Server 2016 STIG for Chef - Ver 1, Rel 3 ","2020-06-22","https://dl.dod.cyber.mil/wp-content/uploads/stigs/zip/U_MS_Windows_Server_2016_V1R3_STIG_Chef.zip"
"Citrix XenDesktop 7.x STIG ","2020-04-23","https://dl.dod.cyber.mil/wp-content/uploads/stigs/zip/U_Citrix_XenDesktop_7-x_Y20M04_STIG.zip"
"Microsoft OneDrive for Business 2016 STIG - Ver 1, Rel 3 ","2020-04-23","https://dl.dod.cyber.mil/wp-content/uploads/stigs/zip/U_MS_OneDrive_Business_2016_V1R3_STIG.zip"
"Sunset-McAfee VSEL 1.9/2.0 STIG ","2020-04-23","https://dl.dod.cyber.mil/wp-content/uploads/stigs/zip/U_McAfee_VSEL_1-9_2-0_Y20M04_STIG.zip"
"Sunset - VMware AirWatch v9.x MDM STIG - Ver 1, Rel 2 ","2020-04-23","https://dl.dod.cyber.mil/wp-content/uploads/stigs/zip/U_VMW_AW_v9-x_MDM_V1R2_STIG.zip"
"SDN Controller SRG - Ver 1, Rel 2 ","2020-04-23","https://dl.dod.cyber.mil/wp-content/uploads/stigs/zip/U_SDN_Controller_V1R2_SRG.zip"
"Sunset - Microsoft Windows 10 Mobile STIG - Ver 1, Rel 4 ","2020-04-23","https://dl.dod.cyber.mil/wp-content/uploads/stigs/zip/U_MS_Windows_10_Mobile_V1R4_STIG.zip"
"Symantec ProxySG STIG ","2020-04-23","https://dl.dod.cyber.mil/wp-content/uploads/stigs/zip/U_SYM_ProxySG_Y20M04_STIG.zip"
"Oracle 19c, Oracle 18c, and Oracle 12cR2","2020-02-20","https://dl.dod.cyber.mil/wp-content/uploads/stigs/zip/U_Nutanix_AOS_5-20-x_V1R1_STIG.zip"
"Vendor STIG Acronym List ","2020-01-16","https://dl.dod.cyber.mil/wp-content/uploads/stigs/pdf/U_Vendor_STIG_Acronym_List_V1R1.pdf"
"AAA SRG - Ver 1, Rel 2 ","2020-01-16","https://dl.dod.cyber.mil/wp-content/uploads/stigs/zip/U_AAA_Services_V1R2_SRG.zip"
"Multifunction Device and Network Printers STIG - Ver 2, Rel 14 ","2019-10-31","https://dl.dod.cyber.mil/wp-content/uploads/stigs/zip/U_Multifunction_Device_and_Network_Printers_V2R14_STIG.zip"
"Riverbed SteelHead CX v8 STIG ","2019-10-31","https://dl.dod.cyber.mil/wp-content/uploads/stigs/zip/U_Riverbed_SteelHead_CX_v8_STIG.zip"
"Vendor STIG Intent Form ","2019-10-30","https://dl.dod.cyber.mil/wp-content/uploads/stigs/pdf/U_Vendor_STIG_Intent_Form.pdf"
"ISEC7 EMM Suite v6.x STIG - Ver 1, Rel 1 ","2019-09-24","https://dl.dod.cyber.mil/wp-content/uploads/stigs/zip/U_ISEC_EMM_Suite_v6-x_V1R1_STIG.zip"
"IBM MaaS360 with Watson v10-x MDM STIG - Ver1, Rel 2 ","2019-08-15","https://dl.dod.cyber.mil/wp-content/uploads/stigs/zip/U_IBM_MaaS360_with_Watson_v10-x_MDM_V1R2_STIG.zip"
"Sunset - Mobile Device Policy STIG - Ver 2, Rel 6 ","2019-07-26","https://dl.dod.cyber.mil/wp-content/uploads/stigs/zip/U_Mobile_Device_Policy_V2R6_STIG.zip"
"Sunset - MDM Server Policy STIG - Ver 2, Rel 5 ","2019-07-26","https://dl.dod.cyber.mil/wp-content/uploads/stigs/zip/U_MDM_Server_Policy_V2R5_STIG.zip"
"Storage Area Network STIG - Ver 2, Rel 4 ","2019-07-26","https://dl.dod.cyber.mil/wp-content/uploads/stigs/zip/U_Storage_Area_Network_V2R4_STIG.zip"
"IBM WebSphere Traditional V9.x STIG Version 1 ","2019-06-26","https://dl.dod.cyber.mil/wp-content/uploads/stigs/zip/U_IBM_WebSphere_Traditional_V9-x_V1R1_STIG.zip"
"IBM WebSphere Traditional V9.x STIG Version 1 Release Memo ","2019-06-26","https://dl.dod.cyber.mil/wp-content/uploads/stigs/pdf/U_IBM_Websphere_Traditional_V9-x_STIG_V1__Release_Memo_signed.pdf"
"Compilation - SRG-STIG Library - READ ME ","2019-06-19","https://dl.dod.cyber.mil/wp-content/uploads/stigs/pdf/U_STIG_Library-zip_Read-ME_v1-07.pdf"
"MobileIron Core v10.x MDM STIG Ver 1 Rel 1 ","2019-06-06","https://dl.dod.cyber.mil/wp-content/uploads/stigs/zip/U_MobileIron_Core_v10-x_MDM_V1R1_STIG.zip"
"SEL-2740S STIG Ver 1 Rel 1 ","2019-06-06","https://dl.dod.cyber.mil/wp-content/uploads/stigs/zip/U_SEL-2740S_V1R1_STIG.zip"
"Tomcat AS 7.x STIG","2019-05-15","https://dl.dod.cyber.mil/wp-content/uploads/stigs/zip/U_Tanium_7-x_V1R2_STIG.zip"
"Tomcat AS 8.x STIG","2019-05-15","https://dl.dod.cyber.mil/wp-content/uploads/stigs/zip/U_Tanium_7-x_V1R2_STIG.zip"
"Tomcat AS 6.x STIG","2019-05-15","https://dl.dod.cyber.mil/wp-content/uploads/stigs/zip/U_Tanium_7-x_V1R2_STIG.zip"
"Apache 2.2 STIG UNIX - Ver 1, Rel 11 ","2019-05-13","https://dl.dod.cyber.mil/wp-content/uploads/stigs/zip/U_Apache_2-2_UNIX_V1R11_STIG.zip"
"Apache 2.2 STIG Windows - Ver 1, Rel 13? ","2019-05-13","https://dl.dod.cyber.mil/wp-content/uploads/stigs/zip/U_Apache_2-2_WIN_V1R13_STIG.zip"
"Sunset - HP-UX 11.31 STIG Benchmark - Ver 1, Rel 17 ","2019-05-10","https://dl.dod.cyber.mil/wp-content/uploads/stigs/zip/U_HPUX_11-31_V1R17_STIG_SCAP_1-2_Benchmark.zip"
"Microsoft Exchange 2010 Edge Transport Server STIG - Ver 1, Rel 15 ","2019-04-26","https://dl.dod.cyber.mil/wp-content/uploads/stigs/zip/U_MS_Exchange_2010_Edge_V1R15_STIG.zip"
"IBM MaaS360 with Watson v10-x MDM STIG Ver 1 Release memo ","2019-03-12","https://dl.dod.cyber.mil/wp-content/uploads/stigs/pdf/U_IBM_MaaS360_with_Watson_v10-x_STIG_Memo.pdf"
"Tanium 7.0 STIG Ver 1 Release Memo?? ","2019-03-11","https://dl.dod.cyber.mil/wp-content/uploads/stigs/pdf/U_Tanium_7-0_STIG_Ver1_memo.pdf"
"Mobile Iron Core v9.x Release Memo ","2019-03-11","https://dl.dod.cyber.mil/wp-content/uploads/stigs/pdf/Mobile_Iron_Core_9.x_Release_Memo.pdf"
"?Riverbed SteelHead CX v8 STIG Ver 1 Release Memo ","2019-03-11","https://dl.dod.cyber.mil/wp-content/uploads/stigs/pdf/U_Riverbed_SteelHead_CX_8_STIG_Ver1_memo_signed.pdf"
"Trend Micro Deep Security 9.x STIG Ver 1 Release Memo ","2019-03-11","https://dl.dod.cyber.mil/wp-content/uploads/stigs/pdf/U_Trend_Micro_Deep_Security_9-x_STIG_V1_Release_Memo.pdf"
"Software-Defined Networking (SDN) Using Network Virtualization (NV) STIG Release Memo ","2019-03-11","https://dl.dod.cyber.mil/wp-content/uploads/stigs/pdf/U_SDN_Using_Network_Virtualization_STIG_V1_Release_Memo.pdf"
"Releasable (REL) Local Area Network (LAN) STIG Ver 2 Release Memo ","2019-03-11","https://dl.dod.cyber.mil/wp-content/uploads/stigs/pdf/U_REL_LAN_STIG_Ver2_Release_Memo.pdf"
"Sunset - Mobile Device Connections ","2019-03-11","https://dl.dod.cyber.mil/wp-content/uploads/stigs/pdf/Mobility_Conections.pdf"
"VMware NSX STIG, Ver 1 Release Memo ","2019-03-11","https://dl.dod.cyber.mil/wp-content/uploads/stigs/pdf/U_VMware-NSX_STIG_V1_Memo_signed.pdf"
"DoD Annex for Application Software Extended Package for Web Browsers - Ver 1, Rel 1 ","2019-03-10","https://dl.dod.cyber.mil/wp-content/uploads/stigs/pdf/U_DoD_Browser_Annex_for_AppSoftware_Extended_Package_V1R1.pdf"
"SLES V11 for System z STIG - Ver 1, Rel 12 ","2019-03-09","https://dl.dod.cyber.mil/wp-content/uploads/stigs/zip/U_SLES_V11_for_System_z_V1R12_STIG.zip"
"Microsoft Windows Lifecycle Support ","2019-03-09","https://support.microsoft.com/en-us/help/13853/windows-lifecycle-fact-sheet"
"IBM MQ Appliance v9-0 NDM STIG V1 ","2019-03-09","https://dl.dod.cyber.mil/wp-content/uploads/stigs/zip/U_IBM_MQ_Appliance_v9-0_NDM_V1R1_STIG.zip"
"Microsoft Windows Lifecycle Support Information?? ","2019-03-09","https://dl.dod.cyber.mil/wp-content/uploads/stigs/doc/U_Windows_10_Lifecycle_Support-2018-09-25.docx"
"Sunset - HP-UX 11.31 STIG - Ver 1, Rel 19 ","2019-03-09","https://dl.dod.cyber.mil/wp-content/uploads/stigs/zip/U_HPUX_11-31_V1R19_STIG.zip"
"Microsoft Outlook 2013 STIG - Ver 1, Rel 13 ","2019-03-09","https://dl.dod.cyber.mil/wp-content/uploads/stigs/zip/U_MS_Outlook_2013_V1R13_STIG.zip"
"Network Management Security Guidance At-a-Glance? ","2019-03-09","https://dl.dod.cyber.mil/wp-content/uploads/stigs/pdf/U_Network_Management_Security_Guidance_At-a-Glance_V9R1.pdf"
"Microsoft Exchange 2010 Edge STIG - Ver 1, Rel 14 ","2019-03-09","https://dl.dod.cyber.mil/wp-content/uploads/stigs/zip/U_MS_Exchange_2010_Edge_V1R14_STIG.zip"
"CA API Gateway STIG, Ver 1 Release Memo ","2019-02-16","https://dl.dod.cyber.mil/wp-content/uploads/stigs/pdf/U_CA_API_Gateway_STIG_V1_Memo_signed.pdf"
"Microsoft Exchange 2010 STIG Release Memo ","2019-02-16","https://dl.dod.cyber.mil/wp-content/uploads/stigs/pdf/u_exchange_2010_v1r1_stig_release_memo.pdf"
"VMware NSX Manager STIG, Ver 1 ","2018-12-01","https://dl.dod.cyber.mil/wp-content/uploads/stigs/zip/U_VMware_NSX_Manager_V1R1_STIG.zip"
"VMware NSX Distributed Logical Router STIG, Ver 1 ","2018-12-01","https://dl.dod.cyber.mil/wp-content/uploads/stigs/zip/U_VMware_NSX_Distributed_Logical_Router_V1R1_STIG.zip"
"Sunset - Enclave STIG - Ver 4, Rel 5 ","2018-12-01","https://dl.dod.cyber.mil/wp-content/uploads/stigs/zip/u_enclave_v4r5_stig.zip"
"Sunset - Email Services Policy STIG - Ver 2, Rel 6 ","2018-12-01","https://dl.dod.cyber.mil/wp-content/uploads/stigs/zip/U_Email_Services_Policy_V2R6_STIG.zip"
"VMware NSX STIG Overview, Ver 1 ","2018-12-01","https://dl.dod.cyber.mil/wp-content/uploads/stigs/zip/U_VMware_NSX_V1R1_Overview.zip"
"Sunset-CMD Policy STIG - Ver 2, Rel 5 ","2018-12-01","https://dl.dod.cyber.mil/wp-content/uploads/stigs/zip/U_CMD_Policy_V2R5_STIG.zip"
"Sunset - CSfC Campus WLAN Policy STIG - Ver 1, Rel 3 ","2018-12-01","https://dl.dod.cyber.mil/wp-content/uploads/stigs/zip/U_Network_CSfC_WLAN_Policy_V1R3_STIG.zip"
"Trend Micro Deep Security 9.x STIG Ver 1, Rel 1 ","2018-12-01","https://dl.dod.cyber.mil/wp-content/uploads/stigs/zip/U_Trend_Micro_Deep_Security_9-x_V1R1_STIG.zip"
"Tanium 7.0 STIG Ver 1, Rel 2 ","2018-12-01","https://dl.dod.cyber.mil/wp-content/uploads/stigs/zip/U_Tanium_7-0_V1R2_STIG.zip"
"Sunset - Google Search Appliance STIG ","2018-12-01","https://dl.dod.cyber.mil/wp-content/uploads/stigs/zip/U_Google_Search_Appliance_V1R1_STIG.zip"
"Sunset - DNS Policy STIG - Ver 4, Rel 1.22 ","2018-12-01","https://dl.dod.cyber.mil/wp-content/uploads/stigs/zip/U_DNS_Policy_V4R1-22_STIG.zip"
"?Sunset - Solaris 9 SPARC STIG Benchmark - Ver 1, Rel 12 ","2018-12-01","https://dl.dod.cyber.mil/wp-content/uploads/stigs/zip/U_Solaris_9_SPARC_V1R12_STIG_SCAP_1-1_Benchmark.zip"
"Microsoft Access 2013 STIG - Ver 1, Rel 6 ","2018-12-01","https://dl.dod.cyber.mil/wp-content/uploads/stigs/zip/U_MS_Access_2013_V1R6_STIG.zip"
"Microsoft Lync 2013 STIG - Ver 1, Rel 4 ","2018-12-01","https://dl.dod.cyber.mil/wp-content/uploads/stigs/zip/U_MS_Lync_2013_V1R4_STIG.zip"
"Microsoft InfoPath 2013 STIG - Ver 1, Rel 5 ","2018-12-01","https://dl.dod.cyber.mil/wp-content/uploads/stigs/zip/U_MS_InfoPath_2013_V1R5_STIG.zip"
"Microsoft InfoPath 2010 STIG - Ver 1, Rel 11 ","2018-12-01","https://dl.dod.cyber.mil/wp-content/uploads/stigs/zip/U_MS_InfoPath_2010_V1R11_STIG.zip"
"Microsoft Groove 2013 STIG - Ver 1, Rel 3 ","2018-12-01","https://dl.dod.cyber.mil/wp-content/uploads/stigs/zip/U_MS_Groove_2013_V1R3_STIG.zip"
"Microsoft Exchange 2010 Overview - Ver 1, Rel 6 ","2018-12-01","https://dl.dod.cyber.mil/wp-content/uploads/stigs/zip/U_Exchange_2010_V1R6_Overview.zip"
"Microsoft Exchange 2010 Mailbox STIG - Ver 1, Rel 10 ","2018-12-01","https://dl.dod.cyber.mil/wp-content/uploads/stigs/zip/U_Exchange_2010_Mailbox_V1R10_STIG.zip"
"Microsoft Exchange 2010 Hub STIG - Ver 1, Rel 12 ","2018-12-01","https://dl.dod.cyber.mil/wp-content/uploads/stigs/zip/U_Exchange_2010_Hub_V1R12_STIG.zip"
"Microsoft Exchange 2010 Client Access STIG - Ver 1, Rel 9 ","2018-12-01","https://dl.dod.cyber.mil/wp-content/uploads/stigs/zip/U_Exchange_2010_Client_Access_V1R9_STIG.zip"
"Microsoft Excel 2016 STIG - Ver 1, Rel 2? ","2018-12-01","https://dl.dod.cyber.mil/wp-content/uploads/stigs/zip/U_MS_Excel_2016_V1R2_STIG.zip"
"Microsoft Excel 2013 STIG - Ver 1, Rel 7 ","2018-12-01","https://dl.dod.cyber.mil/wp-content/uploads/stigs/zip/U_MS_Excel_2013_V1R7_STIG.zip"
"Microsoft Access 2016 STIG - Ver 1, Rel 1 ","2018-12-01","https://dl.dod.cyber.mil/wp-content/uploads/stigs/zip/U_Microsoft_Access_2016_V1R1_STIG.zip"
"Microsoft Access 2010 STIG - Ver 1, Rel 10 ","2018-12-01","https://dl.dod.cyber.mil/wp-content/uploads/stigs/zip/U_MS_Access_2010_V1R10_STIG.zip"
"McAfee Virus Scan Enterprise for Linux 1.9x/2.0x Managed Client STIG - Ver 1, Rel 3? ","2018-12-01","https://dl.dod.cyber.mil/wp-content/uploads/stigs/zip/U_McAfee_VSEL_1-9_2-0_Managed_Client_V1R3_STIG.zip"
"McAfee Application Control 7.x STIG - Ver 1, Rel 3 ","2018-12-01","https://dl.dod.cyber.mil/wp-content/uploads/stigs/zip/U_McAfee_Application_Control_7-x_V1R3_STIG.zip"
"IBM MQ Appliance v9-0 STIG Overview ","2018-12-01","https://dl.dod.cyber.mil/wp-content/uploads/stigs/zip/U_IBM_MQ_Appliance_v9-0_V1R1_Overview.zip"
"IBM MQ Appliance v9-0 AS STIG V1 ","2018-12-01","https://dl.dod.cyber.mil/wp-content/uploads/stigs/zip/U_IBM_MQ_Appliance_v9-0_AS_V1R1_STIG.zip"
"IBM DataPower STIG Overview, Ver 1 ","2018-12-01","https://dl.dod.cyber.mil/wp-content/uploads/stigs/zip/U_IBM_DataPower_V1R1_Overview.zip"
"IBM DataPower STIG ALG STIG Ver 1 ","2018-12-01","https://dl.dod.cyber.mil/wp-content/uploads/stigs/zip/U_IBM_DataPower_ALG_V1R1_STIG.zip"
"IBM DataPower NDM STIG - Ver 1, Rel 2? ","2018-12-01","https://dl.dod.cyber.mil/wp-content/uploads/stigs/zip/U_IBM_DataPower_NDM_V1R2_STIG.zip"
"ForeScout CounterACT Ver 1 Overview?? ","2018-12-01","https://dl.dod.cyber.mil/wp-content/uploads/stigs/zip/U_ForeScout_CounterACT_V1R1_Overview.zip"
"ForeScout CounterACT NDM STIG Ver 1?? ","2018-12-01","https://dl.dod.cyber.mil/wp-content/uploads/stigs/zip/U_ForeScout_CounterACT_NDM_V1R1_STIG.zip"
"ForeScout CounterACT ALG STIG - Ver 1, Rel 2 ","2018-12-01","https://dl.dod.cyber.mil/wp-content/uploads/stigs/zip/U_ForeScout_CounterACT_ALG_V1R2_STIG.zip"
"DBN-6300 Overview - Ver 1, Rel 2 ","2018-12-01","https://dl.dod.cyber.mil/wp-content/uploads/stigs/zip/U_DBN-6300_V1R2_Overview.zip"
"DBN-6300 NDM STIG Ver 1????? ","2018-12-01","https://dl.dod.cyber.mil/wp-content/uploads/stigs/zip/U_DBN-6300_NDM_V1R1_STIG.zip"
"DBN-6300 IDPS STIG Ver 1???? ","2018-12-01","https://dl.dod.cyber.mil/wp-content/uploads/stigs/zip/U_DBN-6300_IDPS_V1R1_STIG.zip"
"CA API Gateway STIG Ver 1 Overview ","2018-12-01","https://dl.dod.cyber.mil/wp-content/uploads/stigs/zip/U_CA_API_Gateway_V1R1_Overview.zip"
"CA API Gateway NDM STIG Ver 1 ","2018-12-01","https://dl.dod.cyber.mil/wp-content/uploads/stigs/zip/U_CA_API_Gateway_NDM_V1R1_STIG.zip"
"CA API Gateway ALG STIG - Ver 1, Rel 2 ","2018-12-01","https://dl.dod.cyber.mil/wp-content/uploads/stigs/zip/U_CA_API_Gateway_ALG_V1R2_STIG.zip"
"Application Layer Gateway (ALG) SRG - Ver 1, Rel 2 ","2018-12-01","https://dl.dod.cyber.mil/wp-content/uploads/stigs/zip/U_Application_Layer_Gateway_V1R2_SRG.zip"
"Microsoft Office 2010 Overview - Ver 1, Rel 12 ","2018-12-01","https://dl.dod.cyber.mil/wp-content/uploads/stigs/zip/U_MicrosoftOffice2010_V1R12_Overview.zip"
"Microsoft Office 2013 Overview - Ver 1, Rel 5 ","2018-12-01","https://dl.dod.cyber.mil/wp-content/uploads/stigs/zip/U_MicrosoftOffice2013_V1R5_Overview.zip"
"Microsoft Excel 2010 STIG - Ver 1, Rel 11 ","2018-12-01","https://dl.dod.cyber.mil/wp-content/uploads/stigs/zip/U_MS_Excel_2010_V1R11_STIG.zip"
"Microsoft OneNote 2010 STIG - Ver 1, Rel 9 ","2018-12-01","https://dl.dod.cyber.mil/wp-content/uploads/stigs/zip/U_MS_OneNote_2010_V1R9_STIG.zip"
"Microsoft Visio 2016 STIG - Ver 1, Rel 1 ","2018-12-01","https://dl.dod.cyber.mil/wp-content/uploads/stigs/zip/U_Microsoft_Visio_2016_V1R1_STIG.zip"
"Microsoft Office System 2010 STIG - Ver 1, Rel 12 ","2018-12-01","https://dl.dod.cyber.mil/wp-content/uploads/stigs/zip/U_MS_OfficeSystem_2010_V1R12_STIG.zip"
"Microsoft Visio 2013 STIG - Ver 1, Rel 4 ","2018-12-01","https://dl.dod.cyber.mil/wp-content/uploads/stigs/zip/U_MS_Visio_2013_V1R4_STIG.zip"
"Microsoft Skype for Business 2016 STIG - Ver 1, Rel 1 ","2018-12-01","https://dl.dod.cyber.mil/wp-content/uploads/stigs/zip/U_Microsoft_Skype_for_Business_2016_V1R1_STIG.zip"
"Microsoft Windows Operating Systems Overview - Ver 1, Rel 5 ","2018-12-01","https://dl.dod.cyber.mil/wp-content/uploads/stigs/zip/U_Windows_Operating_Systems_V1R5_Overview.zip"
"Microsoft Sharepoint Designer 2013 STIG - Ver 1, Rel 3 ","2018-12-01","https://dl.dod.cyber.mil/wp-content/uploads/stigs/zip/U_MS_SharePointDesigner_2013_V1R3_STIG.zip"
"Microsoft Word 2013 STIG - Ver 1, Rel 6 ","2018-12-01","https://dl.dod.cyber.mil/wp-content/uploads/stigs/zip/U_MS_Word_2013_V1R6_STIG.zip"
"Microsoft Publisher 2016 STIG - Ver 1, Rel 3 ","2018-12-01","https://dl.dod.cyber.mil/wp-content/uploads/stigs/zip/U_MS_Publisher_2016_V1R3_STIG.zip"
"Software-Defined Networking (SDN) Using Network Virtualization (NV) STIG Ver 1 ","2018-12-01","https://dl.dod.cyber.mil/wp-content/uploads/stigs/zip/U_SDN_NV_V1R1_STIG.zip"
"Microsoft Publisher 2013 STIG - Ver 1, Rel 5 ","2018-12-01","https://dl.dod.cyber.mil/wp-content/uploads/stigs/zip/U_MS_Publisher_2013_V1R5_STIG.zip"
"Microsoft Word 2010 STIG - Ver 1, Rel 11 ","2018-12-01","https://dl.dod.cyber.mil/wp-content/uploads/stigs/zip/U_MS_Word_2010_V1R11_STIG.zip"
"Microsoft Project 2016 STIG - Ver 1, Rel 1 ","2018-12-01","https://dl.dod.cyber.mil/wp-content/uploads/stigs/zip/U_Microsoft_Project_2016_V1R1_STIG.zip"
"Microsoft Project 2013 STIG - Ver 1, Rel 4 ","2018-12-01","https://dl.dod.cyber.mil/wp-content/uploads/stigs/zip/U_MS_Project_2013_V1R4_STIG.zip"
"Microsoft Project 2010 STIG - Ver 1, Rel 9 ","2018-12-01","https://dl.dod.cyber.mil/wp-content/uploads/stigs/zip/U_MS_Project_2010_V1R9_STIG.zip"
"Microsoft PowerPoint 2016 STIG - Ver 1, Rel 1 ","2018-12-01","https://dl.dod.cyber.mil/wp-content/uploads/stigs/zip/U_Microsoft_PowerPoint_2016_V1R1_STIG.zip"
"Microsoft PowerPoint 2013 STIG - Ver 1, Rel 6 ","2018-12-01","https://dl.dod.cyber.mil/wp-content/uploads/stigs/zip/U_MS_PowerPoint_2013_V1R6_STIG.zip"
"Microsoft PowerPoint 2010 STIG - Ver 1, Rel 10 ","2018-12-01","https://dl.dod.cyber.mil/wp-content/uploads/stigs/zip/U_MS_PowerPoint_2010_V1R10_STIG.zip"
"Microsoft Outlook 2010 STIG - Ver 1, Rel 13 ","2018-12-01","https://dl.dod.cyber.mil/wp-content/uploads/stigs/zip/U_MS_Outlook_2010_V1R13_STIG.zip"
"Microsoft OneNote 2016 STIG - Ver 1, Rel 2 ","2018-12-01","https://dl.dod.cyber.mil/wp-content/uploads/stigs/zip/U_Microsoft_OneNote_2016_V1R2_STIG.zip"
"Microsoft OneNote 2013 STIG - Ver 1, Rel 3 ","2018-12-01","https://dl.dod.cyber.mil/wp-content/uploads/stigs/zip/U_MS_OneNote_2013_V1R3_STIG.zip"
"Microsoft Publisher 2010 STIG - Ver 1, Rel 11 ","2018-12-01","https://dl.dod.cyber.mil/wp-content/uploads/stigs/zip/U_MS_Publisher_2010_V1R11_STIG.zip"
"Microsoft Word 2016 STIG - Ver 1, Rel 1 ","2018-12-01","https://dl.dod.cyber.mil/wp-content/uploads/stigs/zip/U_Microsoft_Word_2016_V1R1_STIG.zip"
"Database Security Requirements Guide (SRG) - Ver 2 Release Memo ","2018-11-30","https://dl.dod.cyber.mil/wp-content/uploads/stigs/pdf/U_Database_SRG_V2_Release_Memo.pdf"
"zOS STIG Memo - Ver 6, Rel 1.1 ","2018-11-30","https://dl.dod.cyber.mil/wp-content/uploads/stigs/pdf/zos_stig_v6r1.1memo080609.pdf"
"2016-04-21 DoD CIO Memo - Use of Wearable Devices DoD Accredited Spaces with FAQ ","2018-11-30","https://dl.dod.cyber.mil/wp-content/uploads/stigs/pdf/2016-04-21_DoD_CIO_Memo-Use_of_Wearable_Devices_DoD_Accredited_Spaces_with_FAQ.pdf"
"Adobe Acrobat Reader DC STIG Release Memo ","2018-11-30","https://dl.dod.cyber.mil/wp-content/uploads/stigs/pdf/U_Adobe_Acrobat_Reader_DC_STIG_V1_Release_Memo.pdf"
"Backbone Transport Services (BTS) Policy STIG Ver 3 Release Memo ","2018-11-30","https://dl.dod.cyber.mil/wp-content/uploads/stigs/pdf/U_BTS_Policy_STIG_Ver3_memo_signed.pdf"
"Application Layer Gateway (ALG) SRG Release Memo - Ver 1 ","2018-11-30","https://dl.dod.cyber.mil/wp-content/uploads/stigs/pdf/u_alg_srg_v1_release_memo_signed.pdf"
"?DoD CIO Memo - Migration to Microsoft Windows 10 Secure Host Baseline ","2018-11-30","https://dl.dod.cyber.mil/wp-content/uploads/stigs/pdf/U_DoD_CIO_Memo_Migration_to_Windows_10_Secure_Host_Baseline.pdf"
"Adobe Acrobat Pro DC STIGs - Release Memo ","2018-11-30","https://dl.dod.cyber.mil/wp-content/uploads/stigs/pdf/U_Adobe_Acrobat_Pro_DC_STIGs_V1_Release_Memo.pdf"
"Active Directory Forest STIG - Ver 2, Rel 8 ","2018-11-30","https://dl.dod.cyber.mil/wp-content/uploads/stigs/zip/U_Active_Directory_Forest_V2R8_STIG.zip"
"A10 Networks Application Delivery Controller (ADC) STIG Ver 1 Release Memo ","2018-11-30","https://dl.dod.cyber.mil/wp-content/uploads/stigs/pdf/U_A10_Networks_STIG_V1_Memo_signed.pdf"
"Oracle WebLogic Server 12c Release Memo - Ver 1 ","2018-11-30","https://dl.dod.cyber.mil/wp-content/uploads/stigs/pdf/u_oracle_weblogic_12c_release_memo_v1.pdf"
"DBN-6300 STIG Ver 1? Release Memo????? ","2018-11-30","https://dl.dod.cyber.mil/wp-content/uploads/stigs/pdf/U_DBN-6300_STIG_Ver1_Release_Memo.pdf"
"HBSS Agent Handler STIG Memo ","2018-11-30","https://dl.dod.cyber.mil/wp-content/uploads/stigs/pdf/u_hbss_agent_handler_stig_memo.pdf"
"Sunset - JIE Core Data Center (CDC) STIG Ver 2 Release Memo ","2018-11-30","https://dl.dod.cyber.mil/wp-content/uploads/stigs/pdf/U_CDC_STIG_Ver2_memo_signed.pdf"
"A10 Networks Application Delivery Controller (ADC) Overview, Ver 1 ","2018-11-30","https://dl.dod.cyber.mil/wp-content/uploads/stigs/zip/U_A10_Networks_ADC_V1R1_Overview.zip"
"SUSE Linux Enterprise Server (SLES) v11 for System z STIG - Release Memo ","2018-11-30","https://dl.dod.cyber.mil/wp-content/uploads/stigs/pdf/u_sles_v11_for_system_z_stig_memo_signed.pdf"
"Sunset - AirWatch MDM STIG - Ver 1, Rel 3 ","2018-11-30","https://dl.dod.cyber.mil/wp-content/uploads/stigs/zip/U_AirWatch_MDM_V1R3_STIG.zip"
"McAfee Antivirus 8.8 Release Memo ","2018-11-30","https://dl.dod.cyber.mil/wp-content/uploads/stigs/pdf/u_McAfee_VirusScan_Enterprise_Version88_Release_Memo.pdf"
"Enclave Test and Development STIG Release Memo ","2018-11-30","https://dl.dod.cyber.mil/wp-content/uploads/stigs/pdf/u_enclave_test_and_development_stig_memo.pdf"
"IBM MQ Appliance v9-0 STIG V1 Release Memo ","2018-11-30","https://dl.dod.cyber.mil/wp-content/uploads/stigs/pdf/U_IBM_MQ_Appliance_V9-0_V1R1_STIG_Release_Memo.pdf"
"Sunset - JIE Wide Area Network STIG Release Memo? ","2018-11-30","https://dl.dod.cyber.mil/wp-content/uploads/stigs/pdf/U_JIE_WAN_STIG_Ver1_Release_Memo.pdf"
"Interim Guidance for the Use of Canonical Names (CNAME) in Cloud Computing ","2018-11-30","https://dl.dod.cyber.mil/wp-content/uploads/stigs/doc/U_CNAME_for_DNS.docx"
"Sunset - JIE Network Device STIGs Release Memo ","2018-11-30","https://dl.dod.cyber.mil/wp-content/uploads/stigs/pdf/u_jie_network_device_stigs_release_memo_signed.pdf"
"Sunset - JIE Installation Processing Node (IPN) STIG Ver 2 Release Memo ","2018-11-30","https://dl.dod.cyber.mil/wp-content/uploads/stigs/pdf/U_IPN_STIG_Ver2_memo_signed.pdf"
"Sunset - JIE Installation Campus Area Network STIG Release Memo ","2018-11-30","https://dl.dod.cyber.mil/wp-content/uploads/stigs/pdf/U_JIE_ICAN_STIG_Ver1_Release_Memo.pdf"
"Google Search Appliance STIG Ver 1 - Release Memo ","2018-11-30","https://dl.dod.cyber.mil/wp-content/uploads/stigs/pdf/U_Google_Search_Appliance_STIG_V1R1_Release_Memo.pdf"
"Sunset - JIE Enterprise Remote Access STIG, Ver 1 Release Memo ","2018-11-30","https://dl.dod.cyber.mil/wp-content/uploads/stigs/pdf/U_JIE_Enterprise_Remote_Access_STIG_V1_Release_Memo.pdf"
"ForeScout CounterACT STIG Ver 1 Release Memo?? ","2018-11-30","https://dl.dod.cyber.mil/wp-content/uploads/stigs/pdf/U_ForeScout_CounterACT_STIG_Ver1_Release_Memo.pdf"
"Sunset - JIE Enterprise Operations Center JIE Management Network (EOC/JMN) STIG Release Memo ","2018-11-30","https://dl.dod.cyber.mil/wp-content/uploads/stigs/pdf/U_JIE_EOC_JMN_STIG_Ver1_Release_Memo.pdf"
"IBM DataPower STIG Ver 1 Release Memo ","2018-11-30","https://dl.dod.cyber.mil/wp-content/uploads/stigs/pdf/U_IBM_DataPower_STIG_Ver1_memo_signed.pdf"
"A10 Networks Application Delivery Controller (ADC) NDM STIG Ver 1 ","2018-11-30","https://dl.dod.cyber.mil/wp-content/uploads/stigs/zip/U_A10_Networks_ADC_NDM_V1R1_STIG.zip"
"Akamai KSD Service IL2 STIG Overview?? ","2017-10-23","https://dl.dod.cyber.mil/wp-content/uploads/stigs/zip/U_Akamai_KSD_Service_IL2_V1R1_Overview.zip"
"Akamai KSD Service IL2 NDM STIG Version 1???? ","2017-10-23","https://dl.dod.cyber.mil/wp-content/uploads/stigs/zip/U_Akamai_KSD_Service_IL2_NDM_V1R1_STIG.zip"
"Akamai KSD Service IL2 ALG STIG Version 1??? ","2017-10-23","https://dl.dod.cyber.mil/wp-content/uploads/stigs/zip/U_Akamai_KSD_Service_IL2_ALG_V1R1_STIG.zip"
"Akamai KSD Service IL2 STIG Ver 1 Release Memo???? ","2017-10-09","https://dl.dod.cyber.mil/wp-content/uploads/stigs/pdf/U_Akamai_KSD_STIG_Ver1_Release_Memo.pdf"
"Microsoft .Net Framework Security Checklist - Ver 1, Rel 3 ","2016-04-22","https://dl.dod.cyber.mil/wp-content/uploads/stigs/pdf/U_Microsoft_DotNet_V1R3_Checklist.pdf"
"STIG Sorted by Vulnerability ID ","2015-03-30","https://dl.dod.cyber.mil/wp-content/uploads/stigs/xsl/STIG_unclass-vulid.xsl"
"STIG Sorted by STIG ID ","2015-03-30","https://dl.dod.cyber.mil/wp-content/uploads/stigs/xsl/STIG_unclass-stigid.xsl"
"CCI Specification ","2014-05-01","https://dl.dod.cyber.mil/wp-content/uploads/stigs/zip/u_draft_cci_specification_v2r0.2.zip"
"CCI Process ","2011-02-28","https://dl.dod.cyber.mil/wp-content/uploads/stigs/pdf/u_cci_process_v1r0.1.pdf"
,,
